Date,PM2.5,PM10,Ozone,NO2,SO2,CO,Temp,RH,Wind Speed
01-09-2020,18.24,50.6,8.2,33.28,10.6,0.99,30.51,77.97,0.17
02-09-2020,23.33,71.08,14.21,38.06,11.19,0.99,31.16,78.26,0.14
03-09-2020,27.51,90.74,10.97,37.86,8.94,1.26,31.8,76.71,0.16
04-09-2020,19.31,88.07,14.58,38.41,10.37,0.94,31.57,80,0.16
05-09-2020,22.63,95.19,18.34,48.24,10.04,0.79,29.9,82.81,0.13
06-09-2020,21.47,67.04,26.71,37.37,9.73,1.09,29.18,84.25,0.11
07-09-2020,40.39,127.42,14.69,48.25,10.69,1.3,29.45,83.73,0.14
08-09-2020,22.22,79.13,8.9,30.2,10.68,0.94,30.26,76.57,0.33
09-09-2020,33.45,119.24,3.29,24.58,10.13,0.66,31.19,75.39,0.43
10-09-2020,36.42,124.96,3.05,24.42,10.47,0.66,31.39,71.08,0.6
11-09-2020,40.42,189.46,15.61,31.03,10.36,0.77,32.08,63.35,0.41
12-09-2020,63.95,191.79,33.19,31.55,10.15,0.8,32.03,64.55,0.48
13-09-2020,41.48,177.94,38.48,30.18,10.42,0.63,31.79,69.93,0.49
14-09-2020,45.22,180.34,29.77,28.19,10.4,0.76,31.79,69.97,0.44
15-09-2020,51.32,172.75,25.63,30.08,10.48,0.69,31.7,68.97,0.4
16-09-2020,52.32,180.7,25.73,29.22,9.8,0.67,32.48,66.43,0.57
17-09-2020,35.75,125.15,25.59,23.2,9.24,0.52,32.73,63.53,0.74
18-09-2020,22.8,121.33,26.67,21.58,9.22,0.95,32.9,63.47,0.83
19-09-2020,27.03,148.45,14.54,30.03,10.01,0.85,32.19,67.23,0.5
20-09-2020,41.45,171.12,24.49,38.78,6.51,0.72,31.88,66.54,0.57
21-09-2020,32.6,153.91,18.25,34.44,7.1,0.76,32.1,65.58,0.55
22-09-2020,24.08,133.38,28.04,34.79,8.25,0.82,32,66.64,0.82
23-09-2020,15.94,94.11,17.35,31.3,9.86,0.89,31.39,67.59,0.96
24-09-2020,16.76,109.55,14.86,32.35,7.94,0.77,30.5,70.2,0.76
25-09-2020,39.7,167.98,18.2,52.15,7.39,1.05,31.07,64.81,0.73
26-09-2020,48.66,182.57,15.86,67.52,9.24,0.9,29.56,61.97,0.72
27-09-2020,31.06,125.32,18.03,50.84,7.71,0.89,29.59,57.09,0.8
28-09-2020,50.57,205.1,27.44,65.25,7.77,0.81,30.23,56.74,0.59
29-09-2020,52.65,205.74,19.21,60.96,7.16,0.65,29.93,61.41,0.7
30-09-2020,43.99,174.35,20.81,57.36,7.64,0.75,29.75,54.57,0.78
01-10-2020,55.73,198.48,28.61,62.97,8.4,0.98,30.13,52.6,0.63
02-10-2020,61.13,215.78,28.76,65.58,8.51,1,29.49,56.98,0.57
03-10-2020,57.3,192.79,24.11,61.67,7.28,0.91,29.26,52.38,0.52
04-10-2020,74.21,213.37,21.67,73.1,7.41,1.02,28.71,50.83,0.44
05-10-2020,56.39,196.71,35.16,66.33,7.58,0.83,28.95,46.94,0.6
06-10-2020,62.17,209.06,24.1,82.13,8.3,1.15,28.81,47.62,0.6
07-10-2020,86.78,252.88,40.12,76.47,9.08,1.05,28.69,47.97,0.53
08-10-2020,73.42,218.53,48.55,74.82,6.83,0.97,28.56,47.3,0.53
09-10-2020,74.81,219.45,28.01,84.67,7.85,1.04,28.29,48.19,0.38
10-10-2020,70.45,215.1,33.92,81.79,9.8,0.95,28.24,50.59,0.44
11-10-2020,63.58,217.51,31.69,76.53,11.72,1.24,28.13,49.86,0.45
12-10-2020,96.45,337.89,49.28,106.44,13.97,1.81,27.96,48.16,0.35
13-10-2020,141.11,314.22,45.65,108.59,12.86,1.85,28.33,57.56,0.53
14-10-2020,131.12,449.41,19.79,115.16,13.28,1.91,28.6,58.86,0.32
15-10-2020,129.06,369.87,9.23,98.41,9.52,1.21,28.38,41.15,0.43
16-10-2020,116.97,354.23,28.84,101.33,12.09,1.42,26.84,34.95,0.37
17-10-2020,112.62,331.82,17.36,108.32,12.26,1.55,26.77,39.78,0.28
18-10-2020,89.68,253.19,22.55,91.41,9.89,1.1,26.85,35.82,0.49
19-10-2020,94.84,280.65,20.71,86.82,11.15,1.02,26.76,32.18,0.57
20-10-2020,100.59,309.91,21.74,106.39,11.96,1.33,26.01,31.96,0.55
21-10-2020,141.27,407.59,19.04,121.18,14.35,2.24,26.24,34.18,0.42
22-10-2020,212.72,536.01,25.3,143.32,14.8,2.26,25.91,37.08,0.33
23-10-2020,212.44,560.35,29.91,127.72,14.73,2.19,25.22,40.69,0.35
24-10-2020,154.21,418.51,18.75,115.69,12.51,2.32,24.5,44.78,0.46
25-10-2020,199.5,449.36,26.85,121.74,13.66,2.54,24.67,45.02,0.34
26-10-2020,154.76,375.15,22.97,115.67,11.97,1.62,24.94,39.85,0.39
27-10-2020,129.32,340.17,26.28,94.08,11.97,1.17,23.58,35.96,0.64
28-10-2020,168.95,433.24,25.14,125.03,16.24,1.94,22.78,38.9,0.35
29-10-2020,203.62,549.46,31.15,181.41,20.49,2.61,22.95,45.69,0.29
30-10-2020,148.76,404.83,21.54,124.24,10.81,1.52,23.58,39.67,0.45
31-10-2020,142.44,397.78,25.26,96.17,11.79,1.12,23.2,36.33,0.67
01-11-2020,161.26,424.4,25.96,97.13,18.38,1.31,22.29,31.45,0.57
02-11-2020,133.45,387.73,16.37,111.34,15.93,1.78,21.26,32.71,0.49
03-11-2020,153.59,406.54,14.95,128.16,14.71,2.04,21.73,32.76,0.44
04-11-2020,202.79,532.92,10.44,147.59,14.45,2.17,20.72,43.24,0.48
05-11-2020,193.79,533.75,16.55,144.22,12.16,2.31,21.59,41.54,0.48
06-11-2020,187.96,506.05,11.02,137.74,13.44,2.58,22.01,40.06,0.45
07-11-2020,197.55,543.41,19.63,129.8,15.32,2.47,21.82,40.58,0.46
08-11-2020,207.39,556.75,14.82,139.97,16.83,2.7,20.55,46.11,0.28
09-11-2020,309.65,740.88,13.62,159.47,13.28,3.12,20.09,57,0.31
10-11-2020,317.27,733.67,18.21,147.79,15.41,3.24,20.66,59.33,0.34
11-11-2020,166.73,490.89,18.88,113.7,19.61,3.22,21.23,56.19,0.45
12-11-2020,135.43,449.27,21.81,122.81,13.9,2.6,21.28,54.97,0.32
13-11-2020,112.87,393.13,17.17,128.96,9.71,2.03,21.25,51.67,0.35
14-11-2020,179.73,553.28,12.35,144.38,14.8,2.31,20.67,51.73,0.38
15-11-2020,106.65,438.74,29.53,89.28,13.78,1.16,21.03,54.03,0.94
16-11-2020,47.35,156.08,19.75,56.89,9.21,0.98,20,72.63,0.87
17-11-2020,50.45,142.91,12.61,74.01,11.21,0.8,19.69,62.27,0.45
18-11-2020,64.9,176.69,17.3,87.8,12.03,0.97,18.88,53.77,0.4
19-11-2020,90.05,249.1,18.1,110.53,11.35,1.19,18.4,47.94,0.36
20-11-2020,77.98,216.32,21.16,108.84,10.8,0.84,18.37,41.52,0.55
21-11-2020,62.34,202.16,21.98,83.32,11.93,0.9,17.59,37.86,0.63
22-11-2020,70.76,250.19,14.58,93.09,11.37,1.31,16.91,36.61,0.58
23-11-2020,128.5,375.4,31.73,131.25,18.82,2.45,16.98,40.6,0.36
24-11-2020,170.01,458.38,31.88,141.29,17.5,3.14,16.97,44.99,0.41
25-11-2020,135.96,422.22,30.05,138.91,18.88,1.51,17.49,50.75,0.66
26-11-2020,63.65,205.25,21.86,84.18,14.93,0.77,18.68,55.13,0.66
27-11-2020,39.75,153.39,21.2,86.72,11.92,0.9,18.38,50.18,0.54
28-11-2020,57.38,209.95,26.5,107.07,16.97,1.21,17.74,45.71,0.89
29-11-2020,77.03,280.91,29.95,126.18,15.69,1.8,17.11,42.87,0.4
30-11-2020,96.76,327.27,26.59,149.62,14.05,2.1,17.21,46.37,0.46
01-12-2020,128.13,428.65,26.75,173.44,17.44,2.55,17.52,52.06,0.38
02-12-2020,102.05,393.71,28.01,154.24,16.48,2.08,17.98,50.2,0.51
03-12-2020,66.82,343.28,24.46,148.15,13.24,1.95,17.89,51.49,0.48
04-12-2020,68.26,410.55,28.45,165.73,16.37,2.62,18.97,54.62,0.53
05-12-2020,77.86,356.75,30.74,122.65,11.56,1.52,19.39,57.68,0.88
06-12-2020,123.12,353.12,33.24,121.19,11.01,1.52,19.93,58.25,0.55
07-12-2020,135.61,400.69,22.22,109.14,11.78,2.05,18.5,73.24,0.61
08-12-2020,144.24,445.04,18.49,132.76,13.04,2.3,18.98,62.77,0.3
09-12-2020,162.77,469.16,12.37,149.9,12.53,2.07,19.68,52.44,0.37
10-12-2020,107.51,301.47,9.99,99.43,12.07,1.05,19.54,57.34,0.43
11-12-2020,95.64,279.8,7.08,138.77,10.77,1.39,19.11,60.27,0.5
12-12-2020,103.03,298.02,5.21,86.02,8.21,1.34,16.95,80.41,0.66
13-12-2020,68.88,183.1,9.79,60.24,6.57,0.68,14.43,77.27,0.82
14-12-2020,48.29,127.92,16.4,49.97,7.56,0.52,12.34,67.97,0.74
15-12-2020,69.43,179.57,10.63,68.48,13.65,0.59,11.63,68.49,0.6
16-12-2020,56.9,175.29,6.37,67.68,6.82,1.07,11.55,66.58,0.49
17-12-2020,78.95,187.82,14.55,61.42,5.62,1.07,8.67,65.94,0.79
18-12-2020,80.23,249.72,17.68,95.41,8.14,1.76,11.76,43.59,0.72
19-12-2020,97.36,282.22,14.11,109.74,9.07,2.06,13.35,39.89,0.74
20-12-2020,103.23,343.5,19.93,115.99,9.65,2.13,13.97,42.51,0.6
21-12-2020,115.07,349.46,15.2,121.74,17.7,2,14.73,45.97,0.43
22-12-2020,168.06,554.71,18.2,138.24,16.12,2.82,14.19,58.49,0.38
23-12-2020,187.51,534.97,11.23,141.13,15.4,4.1,14.33,59.59,0.32
24-12-2020,184.05,528.22,10.06,118.33,11.74,3.45,14.13,61.67,0.4
25-12-2020,108.86,357.01,16.29,110.35,7.12,2.1,14.19,52.71,0.42
26-12-2020,116.32,376.71,15.31,110.62,7.03,2.36,13.51,55.61,0.51
27-12-2020,118.7,361.21,25.04,118.43,10.33,1.59,14.68,52.31,0.83
28-12-2020,87.54,265.27,18.16,74.01,4.85,0.87,13.16,31.43,0.66
29-12-2020,41.02,270.45,17.33,82.08,6.18,0.92,11.47,47.82,0.6
30-12-2020,27.34,214.54,11.48,67.03,6.16,1.03,9.68,69.25,0.57
31-12-2020,103.01,326.27,19.16,88.11,8.38,2.07,9.51,75.1,0.62
01-01-2021,218.81,685.18,17.68,178.37,14.83,3.68,11.06,68.49,0.68
02-01-2021,138.8,421.6,10.74,132.13,8.73,2.09,13.3,57.16,0.71
03-01-2021,75.31,198.32,6.13,66.99,9.23,1.28,13.92,77.1,0.9
04-01-2021,53.34,130.81,5.79,66.57,10.65,1.44,15.88,87.72,0.7
05-01-2021,40.43,106.09,3.93,56.72,8.14,1.26,16.28,83.86,0.86
06-01-2021,58.42,189.1,8.46,57.1,9.96,1.33,16.22,90.26,0.74
07-01-2021,40.75,153.63,9.18,39.97,5.3,0.86,15.2,83.53,0.43
08-01-2021,70.24,227.2,4.22,54.49,7.57,1.1,12.78,83.92,0.48
09-01-2021,63.24,191.47,5.24,53.26,7.76,1.01,14.64,78.41,0.49
10-01-2021,45.89,116.56,9.06,38.1,5.19,0.82,10.82,71.45,0.67
11-01-2021,49.26,175.68,5.65,40.1,5.86,1.15,10.98,73.81,0.74
12-01-2021,62.86,216.38,2.95,59.13,6.46,1.31,10.34,76.44,0.49
13-01-2021,90.07,321.76,6.1,74.44,8.2,1.85,10.57,73.44,0.47
14-01-2021,144.69,552.76,9.18,106.66,12.4,3.07,10.78,76.56,0.58
15-01-2021,169.25,581.72,8.44,145.33,13.29,3.07,12.95,76.44,0.39
16-01-2021,82.58,312.11,6.46,96.6,8.47,1.54,11.09,80.49,0.5
17-01-2021,80.72,258.36,9.46,68.65,5.35,1.29,9.93,81.06,1.25
18-01-2021,103.25,350.86,9.2,77.1,10.37,1.71,13.3,73.21,0.81
19-01-2021,108.48,375.54,9.94,83.92,11.76,1.88,12.77,83.16,1.12
20-01-2021,71.27,190.04,13.69,54.71,5.65,1.07,11.91,77.87,1.33
21-01-2021,69.43,272.42,12.31,71.95,7.56,1.7,13.81,61.42,0.99
22-01-2021,111.88,353.3,7.69,91.27,9.13,1.89,11.83,75.33,0.97
23-01-2021,59.84,227.35,10.09,59.45,6.58,1.42,12.43,73.87,1.22
24-01-2021,78.61,290.01,12.58,59.71,9.34,1.45,11.87,82.37,0.5
25-01-2021,67.97,257.16,12.53,53.67,7.18,1.59,11.42,74.01,0.52
26-01-2021,88.02,302.26,12.09,73.98,7.64,1.52,12.78,63.62,0.52
27-01-2021,91.97,323.94,14.89,90.71,8.1,1.45,13.4,53.43,0.58
28-01-2021,141.91,435.18,17.6,115.24,10.33,2.19,12.74,61.78,0.47
29-01-2021,133.98,388.56,15.94,110.8,11.89,1.86,12.96,61.21,0.55
30-01-2021,91.93,287.97,17.38,85.62,4.72,1.41,13.46,46.82,0.72
31-01-2021,116.73,381.06,16.15,111.78,10.97,2.33,14.59,46.24,0.48
01-02-2021,147.49,445.93,14.77,118.31,12.04,2.42,16.47,47.75,0.51
02-02-2021,140.59,405.07,24.42,116.48,13.11,2.74,17.29,51.33,0.6
03-02-2021,88.55,262.09,28.17,73.35,8.84,2.26,18.07,53.65,1.14
04-02-2021,81.57,231.26,17.97,66.44,9.1,0.82,15.8,66.35,1.12
05-02-2021,27.59,119.38,14.6,65.11,9.32,1.63,14.8,64.23,0.52
06-02-2021,46.54,147.66,15.17,60.91,9.3,0.82,15.28,58.41,0.71
07-02-2021,74.32,224.76,18.74,62.36,9.39,1.37,15.83,57.98,0.65
08-02-2021,113.32,363.5,11.95,102.56,12.16,1.32,16.47,61.86,0.54
09-02-2021,121.82,392.14,16.77,92.05,11.22,2.2,17.48,58.22,0.6
10-02-2021,110.45,325.42,16.02,98.08,11.74,1.5,19.72,50.16,0.59
11-02-2021,102.59,322.43,13.9,91.31,10.97,1.3,18.51,55.47,0.45
12-02-2021,108.91,342.85,17.43,83.06,14.05,1.5,18.48,65.83,0.42
13-02-2021,111.14,331.28,14.94,94.5,11.7,1.98,18.02,70.27,0.43
14-02-2021,117.41,362.47,19.63,88.64,12.53,1.78,19.29,56.1,0.46
15-02-2021,98.65,317.63,15.98,81.98,11.68,1.65,20.19,52.52,0.62
16-02-2021,116.78,362.59,21.33,102.63,12.83,1.65,20.48,45.75,0.54
17-02-2021,99.3,319.98,10.03,92.35,12,1.93,19.67,52.45,0.38
18-02-2021,98.74,329.41,17.34,87.42,8.68,1.59,19.96,52.86,0.47
19-02-2021,85.57,291,10.07,91.26,10.13,2.14,18.8,63.78,0.51
20-02-2021,56.5,221.31,10,67.73,7.5,1.49,18.41,61.13,0.64
21-02-2021,73.79,263.94,17.54,83.21,8.81,1.22,19.36,49.87,0.77
22-02-2021,76.95,296.14,9.96,78.6,10.31,2.04,20.29,48.48,0.8
23-02-2021,77.1,306.27,11.55,90.28,12.65,1.9,21.96,39.31,0.68
24-02-2021,107.96,381.97,18.89,82.22,16.27,2.7,22.81,40.34,0.56
25-02-2021,99.21,329.77,15.91,78.6,11.72,2.31,23.34,45.12,0.74
26-02-2021,65.78,267.28,17.52,69.66,10.82,1.43,23.99,43,0.91
27-02-2021,72.81,280.44,15.08,68.16,8.17,1.06,24.59,25.5,0.75
28-02-2021,67.79,244.58,22.82,75.74,11.37,0.65,23.76,21.07,0.65
01-03-2021,48.66,195.9,23.72,68.66,12.71,0.8,21.48,23.88,0.76
02-03-2021,38.89,185.58,30.18,45.61,11.6,0.68,21.48,21.51,1.1
03-03-2021,73.2,278.08,21.84,60.26,17.36,1.85,22.13,23.89,0.91
04-03-2021,124.83,428.32,13.87,40.89,19.86,2.31,23.78,32.7,0.44
05-03-2021,55.92,215.14,27.36,41.81,11.56,0.99,23.14,28.19,0.88
06-03-2021,56.96,253.03,28.16,86.03,14.71,1.41,23.02,29.36,0.97
07-03-2021,76.87,280.17,34.22,94.71,19.83,1.67,25.11,22.66,1.2
08-03-2021,50.84,240.71,38.37,72.25,10.86,1.15,24.59,31.79,1.29
09-03-2021,80.64,305.6,26.75,86.55,15.18,1.14,25.41,37.43,1.13
10-03-2021,34.36,169.35,28.63,90.3,6.66,0.91,25.41,26.41,0.58
11-03-2021,80.52,270.96,23.72,100.05,11.51,1.53,26.32,31.77,0.6
12-03-2021,43.58,193.51,22.21,80.13,11.96,0.72,24.4,20.82,1.23
13-03-2021,53.15,220.52,21.51,82.46,16.67,1.05,24,28.64,0.57
14-03-2021,38.98,169.26,20.53,75.88,5.52,1.56,23.87,28.76,0.66
15-03-2021,59.57,210.78,21.16,79.85,7.04,0.55,24.4,30.34,0.79
16-03-2021,84.03,280.99,16.44,79.2,4.36,0.47,24.65,30.39,0.69
17-03-2021,91.73,343.24,23.1,90.19,6.01,0.76,25.69,28.9,0.74
18-03-2021,115.74,416.55,22.44,95.54,17.42,1.26,26.13,27.89,0.42
19-03-2021,74.03,265.64,29.08,83.01,14.23,0.86,26.59,23.5,0.66
20-03-2021,65.01,247.87,27.14,84.89,18.68,0.93,25.39,25.47,0.78
21-03-2021,72.41,274.46,28.23,80.01,54.79,1.02,26.61,27.69,0.83
22-03-2021,66.07,240.41,29.16,79.67,24.23,1.02,25.62,24.02,1.14
23-03-2021,89.91,274.96,10.51,75.99,23.48,0.83,23.92,24.67,1.42
24-03-2021,70.88,204.39,28.37,67.35,18.63,0.66,24.69,21.58,0.84
25-03-2021,49.71,124.65,25.56,57.93,10.32,0.61,22.71,28.98,0.85
26-03-2021,63,141.23,28.45,68.85,14.12,0.78,23.67,26.61,0.81
27-03-2021,91.16,254.58,30.73,95.22,25.77,1.37,25.71,25.82,0.56
28-03-2021,117.24,299.68,26.18,111.72,34.94,1.26,28.14,26.31,0.57
29-03-2021,84.95,236.84,31.37,64.33,29.48,1.26,29.97,22.3,0.84
30-03-2021,110.82,333.88,35.17,68.46,27.84,0.76,29.07,22.91,1.44
31-03-2021,69.21,208.64,43.12,35.33,9.37,0.46,26.88,22.72,1.11
01-04-2021,59.1,183.57,35.54,23.08,8.53,0.52,26.06,11.04,1.15
02-04-2021,58.96,145.34,28.73,34.59,10.44,0.73,25.74,12.22,0.79
03-04-2021,71.06,182.15,37.32,50.14,9.8,0.8,26.47,10.88,0.49
04-04-2021,72.96,233.35,35.19,52.79,15.99,0.97,27.96,12.24,0.71
05-04-2021,79.52,244.42,49.07,54.39,15.21,1.01,30.1,14.49,0.68
06-04-2021,96.73,300.72,68.58,44.09,16.44,1.11,30.13,19.16,0.91
07-04-2021,69.51,229.14,51,34.85,6.96,0.84,28.61,22.63,1.01
08-04-2021,58.88,149.55,37.78,48.97,7.44,1.23,27.5,17.04,0.66
09-04-2021,64.74,172.68,36.5,63.49,7.27,0.75,28.08,12.71,0.72
10-04-2021,63.93,236.8,30.07,74.86,9.33,0.55,29.18,11.45,0.57
11-04-2021,56.68,221.09,44.52,62.3,6.08,0.49,30.25,11.92,0.65
12-04-2021,79.17,279.42,42.26,69.68,10.58,0.59,30.55,13.83,0.56
13-04-2021,80.3,268.2,39.1,63.12,12.81,1.11,30.92,14.64,0.76
14-04-2021,61.53,215.87,32.97,52.05,7.7,1.1,31.6,13.86,0.86
15-04-2021,77.08,256.17,25.92,53,11.97,0.59,31.52,13.02,0.75
16-04-2021,81.36,315.2,26.19,50.41,12.24,0.29,28.9,24.41,1.04
17-04-2021,26.13,94.88,19.76,28.26,4.45,0.39,26.66,33.47,1.23
18-04-2021,53.93,181.46,27.66,36.12,7.75,0.36,28.59,24.21,0.54
19-04-2021,67.21,239.76,29.61,55.56,9.99,0.5,29.81,19.64,0.61
20-04-2021,61.19,199.38,34.06,34.03,12.66,0.42,27.54,19.62,1.11
21-04-2021,30.04,97.99,32.47,20.14,3.97,0.44,25.43,33.35,1.08
22-04-2021,35.41,127.62,38.75,23.54,3.99,0.43,26.15,31.88,1.09
23-04-2021,31.34,117.82,34.06,24.58,4,0.42,25.38,32.37,1.59
24-04-2021,26.49,94.82,26.76,36.97,3.04,0.43,26.17,22.91,0.8
25-04-2021,65.51,214.13,30.16,41.35,8.75,0.45,28.24,18.71,0.67
26-04-2021,99.13,302.23,37.58,56.53,17.01,0.61,29.97,17.89,0.52
27-04-2021,104.61,372.77,34.96,62.99,24.89,0.8,31.84,18.18,0.54
28-04-2021,106.01,381.02,31.59,60.36,26.89,0.58,33.17,16.38,0.55
29-04-2021,98.2,398.64,39.1,46.4,17.87,0.5,33.3,15.05,0.67
30-04-2021,108.24,365.88,45.92,48.36,11.54,0.47,32.24,17.89,0.59
01-05-2021,74.25,266.72,64.21,26.52,2.31,0.41,32.7,17.86,0.97
02-05-2021,55.89,217.63,45.13,35.1,3.11,1.04,31.94,19.26,0.93
03-05-2021,82.49,292.3,38.87,29.43,2.39,1.23,31.75,20.34,0.75
04-05-2021,48.97,200.33,29.58,29.01,2.09,0.53,33.09,19.52,0.83
05-05-2021,44.37,190.68,52.86,20.87,1.63,0.33,31.44,28.33,1.1
06-05-2021,46.39,153.24,54.86,24.05,1.2,0.47,28.52,40.55,1.39
07-05-2021,46.57,122.1,52,34.16,2.22,0.84,27.63,41.35,0.67
08-05-2021,53.5,144.09,39.17,44.5,6.02,0.68,31.02,29.55,0.49
09-05-2021,42.34,135.6,63.06,20.96,3.58,0.48,30.47,30.6,1.04
10-05-2021,36.04,113.99,59.92,30.7,1.25,1.04,29.38,33.25,1.08
11-05-2021,39.11,129.1,70.14,22.38,1.36,0.71,31.87,28.81,0.96
12-05-2021,39.5,131.5,52.74,27.91,7.68,0.9,29.91,29.58,1.02
13-05-2021,26.71,83.52,55.42,26.67,16.29,0.79,26.96,44.11,1.22
14-05-2021,37.88,111.62,60.23,22.98,18.4,0.65,29.24,37.93,0.88
15-05-2021,56.85,191.38,45.35,33.82,17.49,0.73,29.3,30.45,0.88
16-05-2021,59.24,194.33,41.42,43.57,22.06,0.72,31.37,23.7,0.52
17-05-2021,77.81,224.8,52.48,61.45,32.59,0.83,31.29,26.23,0.51
18-05-2021,30.42,66.89,46.94,23.1,12.42,0.9,26.83,45.95,1.01
19-05-2021,23.49,54.93,36.02,20.59,11.31,1.21,21.64,82.32,1.28
20-05-2021,18.49,67.91,49.03,19.53,6.55,1.07,24.28,65.59,1.06
21-05-2021,22.68,63.8,45.73,22.45,11.19,0.94,25.11,72.4,1
22-05-2021,19.85,62.59,46.95,27.45,4.93,0.88,27.06,51.43,0.8
23-05-2021,258.77,394.65,47.85,23.63,9.2,0.55,26.89,48.07,0.89
24-05-2021,38.88,122.5,49.12,28.17,7.83,0.74,28.73,34.62,0.76
25-05-2021,41.77,129.94,54.12,38.11,3.96,0.79,31.41,23.64,0.61
26-05-2021,54.29,165.47,34.35,49.56,8.49,1.13,32.05,22.18,0.43
27-05-2021,47.09,162.16,28.69,35.57,19.01,0.88,32.82,26.84,0.76
28-05-2021,34.77,102.51,34.06,12.07,16.69,0.6,31.1,45.17,1.49
29-05-2021,21.72,92.03,32.51,9.11,18.76,0.65,30.95,42.43,1.84
30-05-2021,31.23,108.43,28.77,13.94,16.16,0.76,29.91,43.17,1.32
31-05-2021,38.89,136.88,29.5,34.04,19.74,0.99,32.71,30.58,0.68
01-06-2021,35.78,139.68,28.45,22.25,16.08,0.67,26.09,59.51,1.28
02-06-2021,37,132.09,18.91,34.12,10.93,0.41,29.62,46.31,0.92
03-06-2021,50.13,161.91,33.32,34.59,9.39,0.97,31.04,43.32,0.56
04-06-2021,47.67,192.57,36.91,37.77,14.5,0.59,30.45,47.79,0.76
05-06-2021,34.76,120.67,37.88,39.44,13.91,0.66,29.51,45,0.88
06-06-2021,46.64,162.75,29.26,43.58,16.05,0.78,31.39,39.7,0.5
07-06-2021,58.95,213.35,26.27,45.38,22.92,0.81,33.61,35.53,0.68
08-06-2021,108.91,387.44,28.41,48.64,26.2,0.62,35.53,28.09,1.06
09-06-2021,103.58,343.54,28.25,31.87,21.66,0.67,36.17,28.58,1.31
10-06-2021,62.85,228.11,24.71,21.35,18.23,0.38,32.64,50.36,1.46
11-06-2021,46.2,175.69,35.51,17.06,9.25,0.64,30.18,57.16,1.16
12-06-2021,27.26,108.03,34.03,16.54,12.58,0.72,30.1,55.48,1.7
13-06-2021,23.33,82.62,24.02,25.91,14.51,0.71,28.93,58.1,0.87
14-06-2021,27.57,106.79,39.47,24.28,22.25,0.63,31.59,51.27,0.79
15-06-2021,33.82,128.31,28.69,19.83,18.38,0.5,30.66,52.33,1.06
16-06-2021,30.41,95.14,26.89,35.29,19.71,0.63,28.19,63.49,0.93
17-06-2021,34.42,108.69,24.02,25.62,22.98,0.67,29.53,61.92,0.87
18-06-2021,21.89,69.23,14.28,25.24,26.03,0.8,29.19,62.01,1.21
19-06-2021,24.5,63.96,10.28,17.54,24.1,0.62,28.59,64.45,1.18
20-06-2021,23.78,55.19,7.72,9.89,21.79,0.67,27.97,70.02,1.1
21-06-2021,29.65,94.01,16.64,6.37,24.55,0.6,30.66,60.35,0.73
22-06-2021,32.04,171.91,17.28,7,27.29,0.58,33.54,40.26,0.46
23-06-2021,45.8,269.28,40.08,10.46,27.66,0.6,34.24,35.63,0.56
24-06-2021,46.78,170.4,49.68,11.31,15.49,0.73,30.95,54.45,1.23
25-06-2021,56.24,188.53,46.07,11.91,17.58,0.61,31.43,43.63,0.82
26-06-2021,38.17,129.91,35.95,12.65,17.77,0.82,30.61,51.11,0.6
27-06-2021,60.04,177.76,54.18,12.97,24.34,0.77,32.56,48.83,0.75
28-06-2021,43.33,135.29,67.34,13.71,19.79,0.95,33.47,43.99,0.64
29-06-2021,70.22,216.89,44.71,15.88,25.37,1.61,35.08,35.32,0.66
30-06-2021,92.68,313.86,15.9,12.09,24.48,0.9,36.42,26.6,1.3
01-07-2021,72.02,242.51,23.05,11.2,22.18,1.27,36.1,28.9,1.6
02-07-2021,81.54,258.58,20.87,10.63,24.17,1.18,32.97,45.12,1.28
03-07-2021,45.11,135.17,25.29,10.99,23.84,1.15,29.47,57.42,0.99
04-07-2021,52.56,180.93,38.06,11.33,32.7,1.49,31.68,50.03,0.52
05-07-2021,53.25,173.31,36.3,10.78,32.03,1.17,32.61,42.65,0.68
06-07-2021,61.81,204.51,32.51,10.82,28.65,1.23,33.25,42.81,0.68
07-07-2021,51.14,192.7,28.95,11.35,28.32,0.94,34.98,37.6,0.75
08-07-2021,68.16,222.35,21.34,10.95,27.61,1.09,34.25,36.73,1.07
09-07-2021,36.15,126.07,49.36,11.41,28.29,1.3,31.39,53.12,1.19
10-07-2021,32.08,87.47,38.35,11.59,26.14,1.1,32.92,49.55,1.18
11-07-2021,42.89,98.1,30.2,10.64,25.36,1.19,31.86,57.8,1.66
12-07-2021,34.18,112.67,27.55,10.09,19.86,0.7,30.06,65.07,1.75
13-07-2021,29.56,76.68,23.39,14.58,17.34,1.22,27.69,81.05,1.07
14-07-2021,39.63,82.11,14.79,12.86,23.37,1.44,26.34,82.94,1
15-07-2021,42.45,87.93,15.74,11.65,20.86,1.04,28.81,76,1.15
16-07-2021,32.08,105.9,19.4,14.88,13.6,1.2,31.58,68.62,1
17-07-2021,27.55,124.43,23.31,16.67,14.14,1,32.56,62.46,0.74
18-07-2021,27.14,81.02,16.62,22.29,11.81,0.76,29.59,77.22,0.84
19-07-2021,11.42,43.94,18.64,16.87,2.41,0.96,25.21,97.99,0.76
20-07-2021,20.64,81.47,16.42,9.06,2.72,1.67,26.17,89.03,0.55
21-07-2021,26.68,112.94,13.43,8.57,2.37,1.72,28.54,75.67,0.56
22-07-2021,17.87,80.05,22.66,8.91,2.62,1.16,28.5,71.71,0.94
23-07-2021,22.42,79.46,24.68,10.81,3.43,0.92,29.55,66.61,1.08
24-07-2021,36.84,158.71,13.31,13.41,4.93,1.62,30.52,65.34,0.63
25-07-2021,30.75,139.58,16.22,13.05,5.38,1.21,31.12,62.87,0.8
26-07-2021,23.81,116.92,15.3,13.76,4.54,1.27,29.72,69.19,0.73
27-07-2021,25.74,77.09,10.24,13.96,4.93,1.13,27.18,88.12,0.64
28-07-2021,25.3,48.11,9.35,13.66,4.71,1.16,25.51,92.02,0.67
29-07-2021,21.16,66.9,14.25,17.25,3.98,1.16,27.05,84.59,0.54
30-07-2021,17.51,71.31,8.87,22.59,4.97,1.15,26.53,89.32,0.54
31-07-2021,22.25,67.08,14.3,22.67,5.48,1.7,28.63,78.56,0.81
01-08-2021,29.07,94.38,11.71,22.72,4.93,1.93,27.62,83.59,0.45
02-08-2021,34.5,93,12.28,22.28,4.9,1.69,27.84,83.37,0.45
03-08-2021,28.48,75.61,17.19,22.5,4,1.25,29.14,73.95,0.96
04-08-2021,27.72,83.8,22.76,20.4,6.15,1.32,29.13,68.84,0.82
05-08-2021,36.03,104.19,25.62,15.24,5.14,1.55,29.34,71.03,0.68
06-08-2021,35.49,110,16.9,15.15,4.12,1.31,30.14,69.84,0.58
07-08-2021,34.79,93.87,7.62,13.85,5.38,1.54,28.7,76.93,0.6
08-08-2021,27.84,86.33,6.91,13.83,3.72,1.43,26.51,91,0.42
09-08-2021,31.98,93.73,13.18,16.9,5.48,1.51,27.8,85.37,0.61
10-08-2021,42.91,124.18,13.53,17.96,5.28,0.91,29.83,69.95,0.77
11-08-2021,41.25,123.76,11.02,16.32,5.96,1.01,30.61,59.01,1.63
12-08-2021,44.56,141.77,15.15,16.99,5.04,1.04,30.74,56.31,1.06
13-08-2021,40.68,127.27,13.43,20.42,5.6,0.98,31.26,53.76,1.29
14-08-2021,43.83,128.44,11.55,22.15,5.65,0.96,31.07,54.13,1.18
15-08-2021,35.27,126.61,16.05,22.67,6.28,0.74,31.21,53.9,0.83
16-08-2021,49.89,144.61,17.51,23.22,5.59,0.95,31.59,54.45,0.69
17-08-2021,74.73,213.11,19.99,26.83,6.15,1.1,32,58.36,0.49
18-08-2021,69.32,202.5,15.38,26.62,6.26,1.42,31.93,56.53,0.47
19-08-2021,79.22,211.45,16,30.22,7.13,1.44,31.71,58.6,0.62
20-08-2021,38.04,90.97,10.28,24.47,6.34,1.08,26.93,79.5,1.07
21-08-2021,18.9,40.27,14.87,24.17,5.63,1.27,26.49,89.78,0.94
22-08-2021,25.03,66.83,18.48,23.19,6.34,1.18,28.37,79.52,0.96
23-08-2021,26.96,86.02,18.88,26.93,6.49,1.23,29.39,75.3,0.55
24-08-2021,35.6,130.74,8.93,27.39,5.82,1.53,29.92,77.02,0.61
25-08-2021,26.83,126.95,12.14,25.59,5.91,1.11,31,60.81,1.7
26-08-2021,42.67,136.04,9.26,24.51,5.44,0.98,29.92,56.7,1.33
27-08-2021,54.31,172.76,10.71,26,5.29,0.81,30.44,56.11,0.81
28-08-2021,39.91,143.08,12.85,28.26,4.83,1.12,29.43,64.44,0.65
29-08-2021,33.79,121.63,17.96,23.82,5.13,1.04,29.02,73.44,0.89
30-08-2021,24.98,69.02,15.61,21.49,5.13,1.12,28.23,71.89,1.03
31-08-2021,22.02,43.78,5.08,22.71,5.21,1.07,25.56,88.06,0.94
01-09-2021,18.65,40.44,3.82,22.95,4.28,1.27,24.4,93.97,0.72
02-09-2021,22.41,65.05,7.22,21.58,5.35,1.47,26.91,83.97,0.62
03-09-2021,22.37,56.8,7.71,21.77,4.97,1.08,27.71,78.64,0.79
04-09-2021,20.76,58.67,10.74,26.44,5.77,1.61,26.74,82.64,0.6
05-09-2021,24.81,86.5,10.39,21.37,5.61,2.04,28,80.33,0.42
06-09-2021,32.71,96.28,14.92,18.93,5.21,1.76,29.76,74.37,0.47
07-09-2021,25.72,84.76,17.41,23.6,5.76,1.38,28.79,77.17,0.92
08-09-2021,20.44,95.79,9,18.86,6.51,0.87,28.19,74.25,1.26
09-09-2021,24.53,101.9,26.7,20.99,5.64,1.1,28.41,73.72,1.01
10-09-2021,24.89,117.47,10.93,23.31,5.73,0.8,27.7,76.2,1.22
11-09-2021,21.21,63.71,5.59,20.51,4.82,1.07,24.23,93.16,0.98
12-09-2021,17.65,87.25,10.7,23.45,5.03,1.68,26.41,84.67,0.65
13-09-2021,21.8,131.64,17.55,15.84,4.4,1.28,27.09,82.06,0.71
14-09-2021,28.55,139.14,8.33,15.09,4.54,1.31,27.51,76.41,0.85
15-09-2021,22.13,118.2,11.17,20.06,6.64,1.15,28.87,65.55,0.92
16-09-2021,22.08,110.07,15.91,26.86,7.71,1.28,25.51,80.89,0.53
17-09-2021,30.86,96.58,23.72,35.61,8.5,0.98,26.28,75.68,0.92
18-09-2021,20.38,121.46,23.56,25.51,6.4,1.01,27.72,72.74,0.81
19-09-2021,24.54,96.85,22.96,16.76,5.26,0.87,28.91,70.79,0.91
20-09-2021,22.17,102.05,21.72,18.32,8.13,1.11,29.27,70.4,0.67
21-09-2021,22.97,86.67,25.06,20.03,8.38,1.55,27.99,76.68,0.85
22-09-2021,19.8,72.32,23.05,19.63,8.37,1.06,26.36,78.44,1.05
23-09-2021,23.22,73.01,25.5,26.73,7.47,1.08,26.77,75.24,1.09
24-09-2021,25.77,109.64,22.03,23.88,9.65,1.45,26.49,78.56,0.7
25-09-2021,25.26,134.11,19.43,17.09,8.58,1.15,27.58,74.15,0.64
26-09-2021,21.05,131.81,23.47,29.3,8.84,1.08,27.47,74.56,0.82
27-09-2021,29.94,196.67,20.2,24.91,7.99,1.25,28.73,71.14,0.5
28-09-2021,35.68,182.55,22.22,14.3,8.62,1.85,29.63,66.13,0.93
29-09-2021,26.81,130.8,23.29,16.31,7.65,1.13,29.37,65.82,1.08
30-09-2021,25.33,125.26,21.29,15.8,8.57,1.19,28.98,68.17,0.7
01-10-2021,39.7,189.02,13.78,14.37,8.69,1.7,28.77,71.28,0.4
02-10-2021,41.97,213.52,12.43,14.17,7.12,1.27,29.34,68.89,0.45
03-10-2021,10.21,170.37,14.04,12.01,8.65,1.3,29.5,66.43,0.75
04-10-2021,13.41,179.83,18.33,15.87,9.58,0.83,30.05,58.94,0.65
05-10-2021,10.41,196,34.23,23.12,9.41,1.19,28.78,63.39,0.49
06-10-2021,23.43,173.15,18.16,18.19,8.73,1.01,28.58,68.27,0.37
07-10-2021,36.59,210.4,29.43,35.01,2.68,1.2,28.04,63.98,0.46
08-10-2021,66.07,291.97,23.54,42.11,4.42,1.66,28.24,58.34,0.46
09-10-2021,88.56,231.87,18.91,46.66,5.5,2.21,28.56,55.16,0.43
10-10-2021,76.04,226.85,19.94,44.35,3.43,1.96,28.75,55.53,0.44
11-10-2021,80.41,243.89,20.43,43.72,3.74,1.87,29.14,51.16,0.33
12-10-2021,61.75,178.99,37.97,49.3,4.49,1.69,29.01,49.25,0.38
13-10-2021,61.41,180.59,28.83,39.95,4.68,1.26,27.5,44.89,0.5
14-10-2021,69.06,188.64,30.52,45.17,2.74,1.2,26.41,41.11,0.46
15-10-2021,68.74,305.46,23.52,50.23,3,1.79,26.54,44.9,0.37
16-10-2021,131.5,497.09,22.3,63.96,6.86,2.34,27.66,52.33,0.29
17-10-2021,77.2,219.59,12.62,47.64,4.51,1.4,24.65,76.62,0.94
18-10-2021,9.38,47.15,13.04,27.6,6.88,0.96,21.42,92.51,0.7
19-10-2021,31.58,128.11,18.39,35.31,6.7,1.84,24.17,76.62,0.55
20-10-2021,70.9,313.33,22.39,48.52,5.31,1.87,24.92,63.22,0.49
21-10-2021,74.11,361.33,22,40.45,6.57,2.01,24.22,46.38,0.7
22-10-2021,69.71,298.82,23.36,40.63,6.27,1.66,25.09,47.9,0.72
23-10-2021,44.67,219.24,20.28,37.73,5.08,1.52,25.17,54.04,0.56
24-10-2021,38.47,197.66,30.76,32.18,4.66,1.22,23.29,63.15,0.93
25-10-2021,26.43,109.55,26.33,28.58,6.2,0.95,21.78,67.66,0.43
26-10-2021,48.84,231.08,19.2,30.58,4.24,2.41,21.54,59.05,0.46
27-10-2021,92.11,393.58,40.14,36.81,4.37,1.72,21.58,54.97,0.4
28-10-2021,110.36,444.47,19,35.91,8.69,2.68,21.46,55.94,0.46
29-10-2021,132.73,499.95,14.21,35.57,5.09,2.62,22.13,54.97,0.28
30-10-2021,113.58,424.96,18.68,38.88,7.37,2.24,22.35,49.2,0.43
31-10-2021,128.55,468.43,32.22,36.19,7.3,2.42,21.89,51.58,0.55
01-11-2021,112.7,443.66,24.64,42.97,6.91,2.18,22.73,47.61,0.61
02-11-2021,82.54,391.05,30.88,44.52,4.26,1.87,22.79,47.07,0.79
03-11-2021,89.86,344.14,35.48,46.58,6.12,2.7,22.43,52.79,0.5
04-11-2021,159.99,422.25,23.01,42.27,4.77,3.18,21.35,62.74,0.3
05-11-2021,282.18,552.1,24.78,35.09,7.35,3.26,20.53,67.09,0.41
06-11-2021,260.03,515.45,24.73,44.44,6.31,2.3,20.68,53.49,0.58
07-11-2021,211.82,395.06,38.41,44.86,6.87,2.48,20.99,50.99,0.44
08-11-2021,171.77,330.35,23.48,47.27,7.39,2.9,21.25,50.78,0.39
09-11-2021,145.61,476.36,31.21,47.46,7.36,3.15,21.08,48.86,0.32
10-11-2021,207.13,499.32,14.58,52.47,11.49,3.47,21.06,54.85,0.37
11-11-2021,234.91,518.77,8.93,45.95,10.53,4.02,19.52,62.52,0.32
12-11-2021,222.12,632.12,10.61,45.93,10.02,4.79,19.55,66.67,0.35
13-11-2021,165.1,450.42,7.22,44.63,9.13,3.23,19.68,53.97,0.38
14-11-2021,157.77,440.38,9.42,44.01,8.54,3.05,19.29,47.16,0.27
15-11-2021,174.19,492.43,6.67,48.85,7.41,3.19,18.78,50.33,0.3
16-11-2021,289.84,529.49,10.67,46.16,7.26,3.07,18.71,51.41,0.34
17-11-2021,358.03,545.41,13.04,43.11,9.49,3.68,18.48,54.34,0.3
18-11-2021,284.64,515,20.67,56.22,9.19,2.91,18.96,57.46,0.28
19-11-2021,259.96,525.1,21.76,58.8,9.01,3.87,18.89,55.26,0.26
20-11-2021,209.57,477.04,13.42,60.27,9.15,2.89,19.51,49.15,0.27
21-11-2021,137.09,412.1,15.19,47.39,8.21,1.72,19.52,44.38,0.36
22-11-2021,87.34,315.96,17.32,45.49,6,1.63,19.47,36.53,0.72
23-11-2021,99.98,332.38,15.6,64.92,9.28,2.02,17.97,44.12,0.61
24-11-2021,149.68,472.22,17.82,62.26,8.47,3.02,19.37,48.06,0.38
25-11-2021,183.22,501.73,23.25,91.43,8.89,4.22,19.1,55.4,0.46
26-11-2021,180.72,630.87,23.25,82.39,13.15,4.08,18.76,62.59,0.31
27-11-2021,166.71,509.43,39,64.65,8.7,2.55,18.72,62.84,0.47
28-11-2021,152.82,508.27,37.24,64.17,5.04,1.82,19.06,66.1,0.4
29-11-2021,136.35,405.89,11.23,51.65,6.36,1.83,18.54,60.65,0.37
30-11-2021,97.76,322.43,7.8,57.89,3.69,1.4,18.3,52.9,0.51
01-12-2021,119.23,509.28,8.83,67.42,5.11,1.96,17.61,61.33,0.23
02-12-2021,127.84,578.75,8.98,57.16,3.89,1.5,16.31,74.4,0.37
03-12-2021,151.43,481.06,20.69,55.54,6.6,1.86,17.14,68.84,0.39
04-12-2021,112.12,364.03,21.08,50.57,6.64,2.14,18.39,62.14,0.43
05-12-2021,153.49,362.24,29.75,61.72,8.2,2.37,18.92,62.36,0.4
06-12-2021,129.38,353.43,12.57,52.41,4.78,1.11,19.07,64.54,0.42
07-12-2021,121.89,397.59,9.94,47.86,6.55,1.11,17.88,59.33,0.57
08-12-2021,107.91,356.25,14.02,59.55,7.82,1.75,16.93,55.13,0.57
09-12-2021,130.59,443.78,12.01,74.09,9.81,1.87,16.35,59.12,0.4
10-12-2021,138.96,267.22,10.25,86.31,9.92,0.61,16.4,56.99,0.43
11-12-2021,116.4,249.24,14.5,76.94,8.39,0.75,15.71,51.26,0.61
12-12-2021,134.44,273.86,16.22,76.31,7.87,0.32,15.24,51.89,0.39
13-12-2021,146.98,320.9,12.75,62.22,22.51,0.32,14.8,59.33,0.4
14-12-2021,241.33,398.58,18.82,77.61,20.5,0.32,15.28,61.2,0.49
15-12-2021,159.99,397.2,14.29,81.31,9.46,0.31,15.15,54.75,0.41
16-12-2021,194.73,518.41,14.64,91.29,10.02,3.14,14.48,53.44,0.54
17-12-2021,113.86,352.56,14.54,79.3,8.56,2.2,13.37,52.12,0.55
18-12-2021,70.11,314.14,19.17,87.1,6.83,1.28,10.77,61.77,0.7
19-12-2021,72.39,342.13,21.11,102.87,6.54,1.38,11.74,50.42,0.61
20-12-2021,134.99,437.53,21.95,112.7,8.43,1.6,12.24,52.44,0.46
21-12-2021,172.46,546,18.02,58.9,12.1,3.39,13.23,54.93,0.38
22-12-2021,193.39,533.16,16.1,48.05,10.98,4.83,13.96,55.34,0.35
23-12-2021,231.45,503.9,23.28,47.04,14.97,4.56,15.09,55.75,0.55
24-12-2021,160.07,374.25,14.97,47.33,6.2,3.05,15.69,60.5,0.64
25-12-2021,268.27,644.37,19.01,51.43,11.89,4.5,15.42,67.97,0.35
26-12-2021,244.05,526.11,22.1,34.14,9.13,3.91,15.56,72.9,0.6
27-12-2021,107.77,275.97,18.13,25.85,10.07,2.15,15.6,61.64,0.51
28-12-2021,119.32,256.42,15.26,35.11,9.56,1.95,14.28,66.18,0.42
29-12-2021,96.81,248.7,16.81,24.79,6.29,2.51,14.41,60.93,0.41
30-12-2021,138.5,347.58,18.45,36.43,6.94,2.12,12.62,52.21,0.4
31-12-2021,135.08,385.16,14.1,37.05,6.98,2.9,12.05,55.03,0.42
01-01-2022,171.98,372.09,15.05,37.26,7.59,2.96,12.49,63.55,0.44
02-01-2022,192.85,436.11,14.99,42.27,6.37,3.51,13.09,65.52,0.37
03-01-2022,182.66,435.97,13.69,29.25,7.47,3.46,13.81,62.57,0.46
04-01-2022,175.34,406.84,13.86,69.54,8.46,3.07,15.81,55.82,0.35
05-01-2022,174.99,358.24,19.99,103.44,8.38,3.21,13.53,79.85,0.72
06-01-2022,65.05,111.64,13.13,66.64,7.6,1.51,15.06,78.17,0.93
07-01-2022,54.36,115.45,14.04,47.64,6.51,1.29,15.75,80.3,1.31
08-01-2022,35.25,82.98,12.85,39.62,6.11,1,15.2,93.84,1.19
09-01-2022,32.87,96.19,14.75,26.28,6.43,1.24,13.35,95.12,0.57
10-01-2022,57.13,155.21,13.43,37.45,5.38,1.44,12.42,83.06,0.42
11-01-2022,63.81,171.68,11.3,35.71,4.69,0.79,11.79,79.51,0.55
12-01-2022,79,215.09,15.76,39.06,5.98,1.48,11.61,75.79,0.5
13-01-2022,130.86,338.99,16.96,52.73,6.88,2.3,11.46,82.39,0.39
14-01-2022,131.43,304.91,14.3,30.6,7.39,1.92,10.51,86.56,0.37
15-01-2022,79.12,210.45,16.17,20.83,4.21,0.73,9.49,85.38,0.37
16-01-2022,91.24,209.18,18.32,24.54,4.26,1.09,10.02,75.42,0.58
17-01-2022,120.47,307.6,16.97,35.35,4.75,1.48,10.6,75.46,0.54
18-01-2022,118.76,282.35,15.45,27.73,5.2,1.17,10.53,75.41,0.49
19-01-2022,112.94,307.38,17.82,39.09,5.26,1.65,11.42,76.53,0.4
20-01-2022,146.07,390.52,13.55,42.06,8.86,2.62,12.34,82.07,0.68
21-01-2022,107.32,287.7,17.26,41.43,7.57,2.39,13.05,78.13,0.63
22-01-2022,78.63,186.77,13.58,34.13,5.36,1.3,12.36,84.99,1.47
23-01-2022,54.98,142.45,14.45,25.26,5.28,1.41,11.76,86.75,0.72
24-01-2022,78.76,189.59,14.41,31.04,6.43,1.49,10.94,82.92,0.33
25-01-2022,71.6,266.73,10.75,48.12,4.91,2.25,9.45,85.77,0.49
26-01-2022,127.77,218.98,12.09,59.87,8.7,1.09,11.21,80.29,0.45
27-01-2022,107.91,242.95,13.49,52.48,7.38,1.07,12.13,72.82,0.54
28-01-2022,103.13,282.21,15.7,31.04,5.53,1.56,12.99,56.09,0.69
29-01-2022,96.11,281.97,15.45,59.12,8.77,1.96,13.98,57.5,0.5
30-01-2022,86.97,253.77,12.08,79.33,4.61,1.58,14.65,60.32,1.02
31-01-2022,134.15,365.61,13.35,84.63,6.14,2.59,13.93,72.22,0.57
01-02-2022,108.44,319.72,11.21,35.04,7.2,2.57,13.47,78.71,0.57
02-02-2022,111.31,256.16,13.62,83.46,8.02,1.42,14.67,70.71,1
03-02-2022,75.56,210.89,11.75,75.53,8.67,1.47,12.08,78.48,1.99
04-02-2022,57.52,104.16,11.96,85.68,9.8,1.35,12.54,77.86,0.75
05-02-2022,103.26,280.35,12.49,115.49,10.38,2.47,11.96,76.4,0.49
06-02-2022,148.41,364.03,12.2,171.43,9.74,2.78,14.51,64.25,0.47
07-02-2022,96.11,240.84,11.6,137.56,8.43,2.14,17.42,57.5,0.64
08-02-2022,97.6,260.51,11.77,135.21,12.89,2.11,17.94,67.48,0.43
09-02-2022,93.86,215.95,12.79,107.44,7.51,1.44,16.03,70.03,0.84
10-02-2022,78.63,207.09,12.86,94.12,7.75,1.14,15.43,65.66,0.71
11-02-2022,79.65,219.03,15.6,103.44,7.55,0.85,15.64,51.53,0.8
12-02-2022,96.48,240.34,15.78,106.48,10.34,1.21,15.83,51.11,0.73
13-02-2022,112.09,328.94,15.05,102.63,12.22,2.02,17.35,53.16,0.46
14-02-2022,100.91,255.14,17.18,109.6,9.97,1.7,18.47,49.66,0.53
15-02-2022,102.31,277.71,15.48,121.53,11.16,1.55,18.74,44.65,0.46
16-02-2022,157.58,379.08,20.85,120.65,13.99,2.19,18.06,56.32,0.36
17-02-2022,120.04,323.12,14.6,94.5,9.11,1.57,18.44,54.24,0.5
18-02-2022,135.69,348.97,17.83,43.89,11.02,2.34,19.12,51.29,0.43
19-02-2022,77.38,232.4,19.71,45.65,7.44,1.11,18.68,51.1,0.56
20-02-2022,53.48,179.19,18.84,39.23,8.86,0.97,17.98,51.61,1.01
21-02-2022,93.6,260.34,15.98,41.76,9.38,1.28,18.47,41.4,0.67
22-02-2022,125.93,294.51,27.06,46.17,7.92,0.92,19.97,38.69,1.87
23-02-2022,108.14,214.93,24.2,42.2,8.74,1.35,18.83,61.5,1.29
24-02-2022,136.39,320.33,16.98,58.07,9.35,1.62,19.61,60.92,0.51
25-02-2022,96.63,249.38,21.55,50.01,9.36,1.15,20.23,56.86,0.81
26-02-2022,51.66,122.75,30.02,34.84,10.44,0.65,17.63,55.73,1.76
27-02-2022,66.9,105.89,22.42,37.94,5.53,0.56,18.13,53.4,0.75
28-02-2022,54.08,97.37,21.2,38.77,9.47,0.79,17.81,47.79,0.58
01-03-2022,74.3,195.07,25.52,52.43,10.62,0.99,18.28,53.33,0.45
02-03-2022,63.43,249.27,16.02,72.94,11.64,1.69,19.58,54.82,0.44
03-03-2022,87.27,225.28,18,94.44,8.07,1.12,21.52,50.34,0.59
04-03-2022,61.22,157.89,14.52,79.03,7.24,0.86,19.83,59.89,0.68
05-03-2022,63.18,106.96,22.04,67.5,7.81,0.88,19.49,56.19,0.81
06-03-2022,66.99,186.64,23.21,89.3,9.15,1.25,20.57,53.32,0.51
07-03-2022,107.32,306.93,30.61,113.57,13.27,2.03,22.02,48.14,0.54
08-03-2022,115.81,298.31,16.23,114.23,12.82,1.52,22.72,50.23,0.39
09-03-2022,89.75,158.22,16.34,85.48,11.04,0.87,23.19,43.98,0.62
10-03-2022,65.49,135.42,18.3,66.72,9.2,1.14,23.07,44.99,0.56
11-03-2022,81.71,158.09,13.21,73.26,11.09,1.11,22.73,51.37,0.66
12-03-2022,72.48,155.21,12.03,49.14,11.45,1.81,23.24,47.79,0.65
13-03-2022,93.65,203.95,14.14,58.74,11.9,1.66,24.66,48.63,0.6
14-03-2022,123.81,301.04,12.85,73.03,14.89,2.15,25.55,56.2,0.39
15-03-2022,114.76,250.27,11.44,66.72,10.9,1.63,26.81,57.09,0.49
16-03-2022,109.02,204.05,10.51,43.89,11.39,1.17,27.29,54.81,0.86
17-03-2022,113.82,231.87,9.22,47.45,8.15,2.18,27.83,53.87,0.54
18-03-2022,107.81,218.28,11.79,41.72,10.87,1.78,28.53,52.08,0.89
19-03-2022,89.31,189.1,9.77,63.14,9.8,1.35,28.84,48.46,0.66
20-03-2022,108.15,268.7,7.13,74.48,10.62,1.99,29.77,37.22,0.65
21-03-2022,142.58,276.02,16.18,78.49,12.49,1.57,28.94,42.46,0.55
22-03-2022,74.75,214.13,19.89,45.93,7.3,1.23,27.73,40.48,0.78
23-03-2022,88.48,279.92,16.38,70.15,11.55,1.87,27.76,37.08,0.56
24-03-2022,106.04,272.55,17.71,94.28,12.64,2.21,28.09,31.24,0.64
25-03-2022,88.18,205.55,16.71,47.72,12.94,1.18,27.74,40.01,0.7
26-03-2022,49.3,249.73,34.61,35.72,12.1,1.03,27.66,31.43,1.06
27-03-2022,55.11,285.39,43.19,39.5,13.08,1.71,28.28,28.82,0.68
28-03-2022,88.91,409.96,39.45,54.47,14.42,2.94,29.39,27.78,0.49
29-03-2022,115.88,444.86,39.14,47.57,17.25,2.38,29.98,26.04,0.48
30-03-2022,121.88,427.5,48.36,47.84,15.63,2.95,30.45,24.68,0.34
31-03-2022,116,351.82,55.85,63.17,14.38,2.43,30.59,25.66,0.59
01-04-2022,61.79,159.82,59.55,42.81,10.63,1.26,29.68,20.96,0.68
02-04-2022,100.41,273.41,56.43,59.31,12.26,1.94,30.26,19.13,0.48
03-04-2022,111.11,358.59,63.72,51,12.95,2.22,30.77,18.03,0.52
04-04-2022,117.65,385.28,52.12,50.63,10.69,1.83,30.05,18.47,0.69
05-04-2022,110.22,387.22,48.53,58.14,10.94,1.62,30.49,18.21,0.5
06-04-2022,122.34,443.63,48.8,58.7,11.18,2.41,30.55,18.73,0.5
07-04-2022,124.64,398.45,50.43,70.5,14.41,2.68,31.25,18.55,0.46
08-04-2022,127.92,311.83,53.26,81.79,17.53,2.86,32.36,16.52,0.41
09-04-2022,128.8,247.6,47.96,74.55,18.88,3.23,32.72,17.48,0.4
10-04-2022,137.04,354.41,52.96,61.59,18.26,2.09,33.02,16.75,0.56
11-04-2022,133.58,266.37,53.04,67.92,16.95,2.45,32.91,17.39,0.45
12-04-2022,112.4,204.6,40.57,63.14,15.88,2.23,32.13,17.24,0.52
13-04-2022,109.19,286.73,36.7,63.72,15.98,2.31,32.24,19.97,0.59
14-04-2022,94.21,244.05,69.39,38.99,16.02,1.06,32.48,16.87,0.79
15-04-2022,73.88,184.94,50.14,46.2,7.96,1.13,31.75,20.38,0.5
16-04-2022,104.4,256.44,31.59,45.42,16.43,1.74,32.03,20.41,0.48
17-04-2022,97.55,236.1,34.51,47.34,17.35,1.88,32.42,20.86,0.4
18-04-2022,88.14,272.81,39.72,107.74,16.37,2.63,32.91,21.53,0.27
19-04-2022,103.24,301.55,54.15,97.81,14.76,2.08,33.42,19.32,0.59
20-04-2022,88.09,218.38,49.2,51.99,12.35,0.74,33.74,16.48,0.66
21-04-2022,131.31,240.06,25.9,65.56,13.22,0.93,30.63,21.82,0.88
22-04-2022,72.43,232.5,62.42,53.63,10.8,1.26,30.78,22.44,0.48
23-04-2022,85.43,278.62,50.98,77.36,13.86,1.38,31.6,18.23,0.35
24-04-2022,98.77,275.95,63.88,51.6,11.99,1.02,31.99,17.01,0.74
25-04-2022,88.29,253.24,66.51,38.69,12.37,0.78,32.76,17.88,0.95
26-04-2022,86.95,241.95,50.05,78.14,11.58,1.32,32.52,18.85,0.45
27-04-2022,106.73,296.2,53.48,117.82,16.13,2.48,33.22,18.87,0.45
28-04-2022,91.01,338.06,42.61,118.3,14.61,2.82,34.12,18.33,0.34
29-04-2022,84.17,314.69,35.82,90.85,11.5,2.35,34.88,16.62,0.53
30-04-2022,80.52,266.4,31.24,93.46,12.75,2.42,35,15.6,0.63
01-05-2022,57.97,242.53,51.66,64.42,10.71,1.57,32.5,33.11,1.46
02-05-2022,61.35,210.08,54.26,38.79,11.4,1.33,32.6,36.86,1.35
03-05-2022,99.6,259.82,48.12,40.83,11.84,1.5,32.41,40.76,0.95
04-05-2022,72.19,176.47,9.02,34.83,10.27,1.19,29.71,48.2,1.09
05-05-2022,80.2,198.64,16.84,22.57,10.51,0.73,28.36,47.8,0.47
06-05-2022,108.92,254.03,16.16,25.35,11.33,0.69,30.88,39.57,0.44
07-05-2022,94.91,238.61,22.95,24.61,8.73,0.78,32,32.43,0.47
08-05-2022,84.35,191.64,20.42,22.28,9.89,0.51,32.08,35.82,0.94
09-05-2022,55.32,151.37,46,17.12,10.4,0.45,32.17,40.18,1.34
10-05-2022,70.93,142.88,57.49,15.21,10.15,0.48,32.35,40.02,1.31
11-05-2022,64.24,171.24,70.88,29.09,7.36,0.52,33.39,37.43,0.91
12-05-2022,70.54,172.41,87.46,31.7,9.7,0.76,34.8,36.5,0.86
13-05-2022,76.33,192.81,77.48,41.3,7.2,1.14,33.64,40.42,0.8
14-05-2022,93.15,245.97,69.92,53.51,8.07,2.58,35.77,25.88,0.38
15-05-2022,94.65,236.38,47.38,37.99,7.01,2.01,36.51,18.89,0.51
16-05-2022,88.43,296.43,50.28,21.8,14.04,0.97,35.75,17.02,0.83
17-05-2022,69.63,197.8,82.91,17.82,10.83,1.48,33.26,27.73,0.77
18-05-2022,75.24,220.15,60.83,18.12,10.13,1.51,33.83,28.2,0.88
19-05-2022,84.51,213.47,61.13,20.43,8.26,2.06,35.05,28.07,0.56
20-05-2022,85.77,269.03,52.64,24.11,6.61,1.41,36.34,24.04,0.55
21-05-2022,115.36,285.94,50.38,17.54,4.79,1.32,34.5,21.03,1.09
22-05-2022,83.86,216.23,60.51,38.66,6.78,1.32,31.65,30.15,0.76
23-05-2022,82.77,160.68,50.38,19.38,5.79,0.79,24.57,58.56,2.18
24-05-2022,50.16,114,43.22,10.42,6.78,1.04,25.09,66.35,0.97
25-05-2022,77.41,210.02,42.01,13.12,6.36,0.99,27.94,57.12,0.5
26-05-2022,92.18,231.6,60.76,16.69,4.62,0.92,29.8,47.21,0.43
27-05-2022,45.97,229.33,36.18,15.11,5.37,0.88,31.37,41.98,0.84
28-05-2022,75.07,317.49,29.54,13.36,5.4,0.79,32.97,41.47,0.69
29-05-2022,66.22,292.29,43.68,14.79,5.25,0.63,32.6,41.69,0.82
30-05-2022,60.37,217.43,48.62,14.33,5.02,0.87,30.76,46.49,1.01
31-05-2022,88.74,281.06,45.04,18.09,5.59,1.09,31.68,42.56,0.46
01-06-2022,74.8,278.51,53.55,21.56,5.79,0.95,34.16,28.41,0.55
02-06-2022,69.23,222.48,45.98,18.34,5,0.86,34.99,23.09,0.38
03-06-2022,89.75,258.64,49.79,21.74,6.19,1.02,34.96,21.88,0.48
04-06-2022,59.7,259.21,49.42,23.65,5.27,1.03,35.53,20.76,0.37
05-06-2022,53.85,238.2,33.96,19.2,4.47,0.84,36.05,16.03,0.72
06-06-2022,50.65,187.57,38.73,30.19,6,0.85,35.98,13.87,0.62
07-06-2022,64.32,312.03,30.52,32.93,3.95,1.14,37.05,15.74,0.8
08-06-2022,74.86,253.9,26.3,17.64,8.69,0.91,36.04,15.31,1.28
09-06-2022,54.97,227.99,26.79,13.17,7.18,0.98,36.14,19.7,0.88
10-06-2022,56.84,294.27,22.64,21.86,8.13,0.98,36.52,20.41,1.21
11-06-2022,52.58,231.56,23.12,21.93,7.84,0.95,36.62,17.1,1.09
12-06-2022,65.1,232.79,25.8,22.85,8.98,0.88,36.6,18.68,0.73
13-06-2022,54.71,163.9,28.15,19.34,7.45,1.05,36.49,23.41,1.29
14-06-2022,57.41,187.29,26.9,18.69,7.43,0.88,33.56,32.54,1.61
15-06-2022,49.24,127.1,33.22,18.42,6.87,0.9,36.05,31.16,1.54
16-06-2022,55.26,135.78,38.01,18.2,6.07,0.77,32.29,39.84,1.09
17-06-2022,42.95,84.16,27.37,19.97,6.63,0.81,27.67,63.84,1.17
18-06-2022,39.46,80.51,29.48,19.43,5.69,0.75,27.07,70.36,0.84
19-06-2022,35.63,121.81,30.47,21.61,5.64,0.73,27.07,65.45,0.66
20-06-2022,48.81,150.41,36.98,20.65,6.03,0.81,28.17,59.74,0.59
21-06-2022,43.24,138.38,37.78,18.32,5.43,0.91,28.92,56.22,0.81
22-06-2022,42.58,167.83,46.97,18.22,6.6,0.87,29.93,52.26,0.78
23-06-2022,32.76,195.73,54.32,19.75,5.58,0.85,31.34,41.76,0.52
24-06-2022,41.82,233.52,64.84,17.49,7.86,0.87,31.95,31.7,0.44
25-06-2022,51.22,307.38,30.06,15.78,23.84,1.06,31.01,34.38,0.42
26-06-2022,60.51,198.79,52.45,15.88,19.97,0.67,33.41,45.3,1.23
27-06-2022,55.63,177.69,52.46,15.33,13.58,0.99,33.92,48.19,1.22
28-06-2022,78.05,202.19,52.78,17.28,9.54,0.81,34.46,50.77,0.97
29-06-2022,65.61,267.74,52.45,18.56,15.2,0.84,33.02,54.72,1.1
30-06-2022,26.82,139.75,27.98,17.3,11.91,1.01,26.62,81.37,0.96
01-07-2022,33.45,83.75,25.84,17.26,14.46,0.93,27.39,87.56,0.68
02-07-2022,25.98,118.01,40.58,18.49,14.29,0.92,30.76,67.83,0.88
03-07-2022,24,91.14,33.84,17.15,14.03,1.04,29,77.59,0.93
04-07-2022,43.94,164.63,37.98,17.86,14.9,0.99,31.4,69.96,0.49
05-07-2022,28.92,164.08,36.97,17.04,12.45,0.88,32.52,64.94,0.8
06-07-2022,33.48,123.73,49.29,15.22,13.88,0.77,32.65,63.85,1.15
07-07-2022,46.27,101.49,65.07,14.5,16.03,0.87,33.16,58.37,1.19
08-07-2022,32.36,93.26,59.53,14.64,15.11,0.88,33.73,52.19,1.02
09-07-2022,23.76,107.82,45.08,15.91,13.5,1.03,30.4,66.02,1.36
10-07-2022,27.11,91.58,39.69,15.3,27.12,0.77,29.6,71.06,0.77
11-07-2022,22.61,97.84,37.44,15.65,20.92,0.97,29.83,73.27,0.47
12-07-2022,29.75,96.87,28.51,14.8,20.74,1,28.78,79.71,0.6
13-07-2022,29.56,92.41,27.51,14.79,20.61,0.81,29.89,74.08,0.77
14-07-2022,30.55,93.18,31.52,14.65,14.47,0.85,30.8,65.77,1.01
15-07-2022,32.55,88.2,37.1,14.75,13.32,0.83,31.6,61.01,1.25
16-07-2022,26.45,81.97,32.18,16.25,16.46,0.65,28.54,77.03,0.98
17-07-2022,27.71,76.63,48.59,19.05,16.74,0.51,28.7,82.05,0.8
18-07-2022,34.95,117.33,43.86,19.2,16.49,0.61,31.69,68.39,0.58
19-07-2022,31.73,107.43,37.55,18.68,16.29,0.64,30.97,73.75,0.58
20-07-2022,33.08,80.73,22.96,17.55,18.01,0.56,28.19,86.69,0.79
21-07-2022,26.19,109.71,40.89,16.75,15.95,0.66,27.87,82.19,0.41
22-07-2022,56.73,124.2,50.83,16.58,17.08,0.78,28.2,84.65,0.6
23-07-2022,22.09,69.88,40.42,16.83,17.05,0.62,28.53,81.13,1.33
24-07-2022,12.06,33.24,33.52,16.67,14.72,0.61,29.05,77.83,1.1
25-07-2022,21.4,73.85,32.5,16.3,15.53,0.68,29.21,72.95,0.53
26-07-2022,35.54,87.58,32.52,14.52,14.14,0.62,28.85,73.34,0.2
27-07-2022,33.15,85.63,23.29,12.82,12.13,0.66,29.1,74.42,0.48
28-07-2022,15.8,49.66,9.06,14.78,11.01,0.6,27.27,84.99,0.7
29-07-2022,26.62,61.77,11.79,15.07,9.36,0.7,26.74,91.25,0.65
30-07-2022,26.09,70.04,19.15,14.86,11,0.5,26.85,83.05,0.66
31-07-2022,33.41,70.52,26.98,15.36,10.31,0.55,27.3,82.62,0.47
01-08-2022,36.03,76.49,28.04,16.08,10.91,0.42,28.56,76.79,0.83
02-08-2022,34.5,93.02,33.15,15.09,10.85,0.47,29.89,73.6,0.6
03-08-2022,28,145.17,38.91,15.45,10.82,0.46,29.64,75.29,0.45
04-08-2022,16.58,111.03,37.56,15.7,10.39,0.55,27.76,86.56,0.6
05-08-2022,26.77,77.18,29.6,15.62,10.15,0.71,27.24,91.83,0.67
06-08-2022,25.92,119.86,36.09,15.57,10.31,0.73,28.95,81.1,0.51
07-08-2022,36.79,114.53,13.94,15.14,11.03,0.82,26.71,89.49,0.61
08-08-2022,29.09,125.07,25.31,15.36,9.75,1,29.18,78.13,0.42
09-08-2022,22.71,128.38,32.05,14.81,6.81,1.05,31.16,70.51,0.67
10-08-2022,32.5,119.39,31.64,15.53,7.62,0.94,31.62,64.31,0.99
11-08-2022,23.03,67.59,18.02,14.93,7.37,0.93,28.52,69.96,1.41
12-08-2022,21.83,77.84,25.78,16.92,6.91,0.79,30.16,65,1.34
13-08-2022,24.53,74.14,37.74,21.87,7.03,0.91,29.92,69.42,1.27
14-08-2022,25.05,80.92,17.52,26.57,7.12,0.91,28.2,80.77,0.65
15-08-2022,29.49,65.2,16.26,30.49,6.35,0.97,27.54,82.25,0.8
16-08-2022,22.58,61.44,21.65,31.96,7.25,0.76,28.25,72.81,2
17-08-2022,22.8,60.5,18.49,25.59,7.17,0.85,28.31,73.81,1.46
18-08-2022,22.21,81.45,20.66,17.88,8.23,0.94,29.45,69.93,0.8
19-08-2022,21.15,84.88,27.21,14.53,7.34,0.97,30.07,66.46,0.84
20-08-2022,27.29,113.92,18.34,16.57,7.53,1.1,28.5,76.29,0.45
21-08-2022,29.58,141.72,16.67,16.7,7.79,0.92,30.01,73.01,0.32
22-08-2022,20.56,133.64,22.68,16.72,7.55,0.95,30.54,68.06,0.9
23-08-2022,31.81,98.4,20.56,17.07,8.28,0.91,29.74,66.45,1.97
24-08-2022,24.39,76.53,14.97,16.3,7.78,1.14,27.96,76.2,1.16
25-08-2022,21.46,118.3,14.37,15.42,8.27,0.96,28.9,70.77,0.41
26-08-2022,29.26,135.79,13.73,16.54,5.52,0.92,29.82,68.42,0.58
27-08-2022,61.03,120.69,14.88,19.48,2.83,0.96,29.74,67.54,0.93
28-08-2022,76.73,153.69,15.62,18.53,2.59,0.99,29.56,62.79,0.98
29-08-2022,54.78,171.84,15.59,19.77,2.48,0.94,29.42,64.69,0.84
30-08-2022,42.12,131.89,16.18,15.81,1.94,1.15,28.92,73.49,0.43
31-08-2022,57.91,125.18,14.68,13.26,2.77,0.99,30.39,65.23,0.48
01-09-2022,52.81,152.58,16.28,20.98,2.41,1.1,32.62,53.48,0.44
02-09-2022,77.84,151.66,16.95,16.73,2.6,1.14,30.8,64.46,0.37
03-09-2022,52.04,127.54,16.33,18.59,5.35,0.9,31.21,57.38,0.78
04-09-2022,33.78,106.32,11.08,22.94,9.65,0.94,31.21,54.41,0.51
05-09-2022,32.13,115.25,11.98,22.47,8.34,0.84,30.75,55.52,0.11
06-09-2022,49.46,135.59,19.69,14.91,7.44,0.92,30.78,57.94,0.13
07-09-2022,46.35,151.97,15.12,12.55,18.05,1.08,31,58.46,0.29
08-09-2022,49.07,180.31,22.61,11.05,13.24,1,30.81,62.08,0.42
09-09-2022,78.54,137.98,22.11,11.2,10.84,0.92,31.16,64.26,0.71
10-09-2022,32.95,108.48,21.34,11.27,10.64,0.81,30.49,68.42,0.87
11-09-2022,31.25,83.24,14.65,11.1,9.88,1.02,30.74,62.43,0.95
12-09-2022,29.81,82.75,19.59,11.02,10.72,0.85,30.54,60.71,1.01
13-09-2022,36.9,80.41,16.62,10.78,9.66,0.77,28.96,69.12,1.08
14-09-2022,35.74,80.65,15.59,10.84,10.52,0.94,27.66,73.88,1.13
15-09-2022,19.74,51.11,15.7,16.26,9.07,0.96,25.47,87.62,0.99
16-09-2022,25.69,40.72,15.52,18.16,7.61,1.24,23.68,None,0.49
17-09-2022,48.48,102.81,16.11,19.24,9.1,1.12,27.21,72.75,0.47
18-09-2022,70.34,148.48,16.9,19.57,8.3,1.22,28.5,73.53,0.26
19-09-2022,85.35,208.04,16.95,18.5,9.51,1.4,27.88,77.43,0.28
20-09-2022,75.41,155.37,12.95,18.28,9.33,1.33,27.48,80.33,0.44
21-09-2022,60.7,118.2,15.24,18.74,10.29,1.34,26.02,89.51,0.44
22-09-2022,43.45,72.87,15.02,18.23,7.74,1.08,24.61,91.39,0.6
23-09-2022,28.81,50.9,16.39,18.1,7.33,1.32,23.99,98.33,0.7
24-09-2022,27.68,40.34,16.44,17.91,6.02,0.9,24.29,94.13,1.06
25-09-2022,30.91,65.43,13.94,25.04,8.81,1.26,26.16,77.54,0.61
26-09-2022,49.76,120.9,16.28,18.55,8.34,1.42,27.04,74.79,0.25
27-09-2022,53.41,123.48,13.82,19.41,7.73,1.01,27.48,68.19,0.27
28-09-2022,86.79,176.57,18.13,16.32,8.06,1.21,28.09,64.26,0.29
29-09-2022,77.29,168.7,18.05,13.39,7.41,1.14,27.87,61.49,0.3
30-09-2022,80.3,200.52,16.54,16.34,8.28,1.38,27.95,63.78,0.24
01-10-2022,90.38,218.97,14.01,14.87,8.27,1.43,28.24,60.62,0.31
02-10-2022,76.41,205.46,11.48,14,8.06,1.26,28.72,53.33,0.34
03-10-2022,65.19,146.87,11.57,13.91,7.9,0.94,28.31,46.46,0.48
04-10-2022,104.46,173.54,18.29,14.51,7.35,1.17,28.45,50.73,0.27
05-10-2022,136.55,222.48,18.67,15.79,8.96,1.35,27.96,57.87,0.44
06-10-2022,47.88,68.52,22.6,19.34,9.78,0.98,25.39,64.73,1.22
07-10-2022,17.25,66.86,17.41,19.22,12,0.95,23.47,76.82,1.01
08-10-2022,20.58,42.39,11.24,18.05,10.76,0.99,21.87,87.79,1.24
09-10-2022,11.37,24.28,26.98,15.78,11.03,1.17,20.99,92.61,0.93
10-10-2022,12.01,30.4,13.67,19.56,10.63,1.11,21.08,89.68,0.92
11-10-2022,20.93,80.6,15.68,20.67,9.68,1.62,23.92,79.06,0.36
12-10-2022,33.15,132.44,10.66,20.94,10.53,1.22,24.43,72.07,0.23
13-10-2022,60.64,131.68,27.77,20.96,8.65,1.12,24.56,57.2,0.39
14-10-2022,103.24,173.48,21.83,21.63,10.12,1.23,24.85,55.32,0.33
15-10-2022,150.06,248.36,19.28,25.05,10.59,2.14,25.17,54.21,0.34
16-10-2022,171.45,296.07,31.03,24.1,11.4,2.23,25.31,53.22,0.25
17-10-2022,168.58,330.7,23.44,29.61,11.02,2.86,25.33,50.57,0.26
18-10-2022,219.9,334.9,15.13,43.36,11.98,2.65,25.05,47.01,0.31
19-10-2022,187,275.56,22.7,27.06,10.53,2.44,25.26,42.77,0.3
20-10-2022,172.13,294.07,20.57,27.15,10.22,2.34,26.01,39.82,0.28
21-10-2022,137.7,353.45,15.61,26.67,12.03,2.6,25.69,46.77,0.27
22-10-2022,162.85,324.64,37.52,27.33,8.6,1.74,24.45,53.92,0.35
23-10-2022,67.09,309.9,43.43,26.25,9.65,2.01,23.39,47.44,0.23
24-10-2022,155.56,363.35,35.56,32.83,12.64,1.61,23.69,50.77,0.26
25-10-2022,178.72,325.32,18.94,45.01,15.89,1.99,23.01,47.96,0.35
26-10-2022,104.07,295.43,41.46,28.21,8.59,2.22,23.54,56.52,0.14
27-10-2022,220.65,452.91,31.68,46.38,7.04,2.92,23.37,62.3,0.13
28-10-2022,276.3,520.42,35.09,47.37,6.71,3.01,23.59,61.86,0.11
29-10-2022,163.34,481.19,23.75,50.71,6.78,3.74,23.04,65.02,0.19
30-10-2022,187.37,459.23,25.31,51.83,6.1,3.04,22.92,61.43,0.17
31-10-2022,170.15,586.19,35.18,44.76,7.35,3.64,22.64,66.24,0.15
01-11-2022,190.43,477.6,40.96,41.24,5.62,2.54,24.41,59.41,0.24
02-11-2022,172.14,439.09,39.01,41.36,5.07,2.19,23.87,58.98,0.27
03-11-2022,203.31,683.42,42.99,41.34,6.02,2.99,23.63,57.74,0.17
04-11-2022,283.53,561.51,40,48.83,8.69,3.61,24.02,63.23,0.21
05-11-2022,169.9,314.43,38.97,36.37,7.81,1.96,24.04,70.38,0.69
06-11-2022,195.85,307.37,56.02,38.63,12.53,2.05,24.48,66.19,0.44
07-11-2022,268.96,396.15,34.26,40.53,11.87,3.07,24.87,63.1,0.22
08-11-2022,233.25,401.49,25.45,37.97,11.22,2.44,23.52,66.12,0.37
09-11-2022,127.82,222.38,32.25,38.82,10.87,2.07,23.07,54.18,0.25
10-11-2022,165.88,273.79,29.39,40.71,10.97,1.96,23.16,58.63,0.2
11-11-2022,202.48,372.74,31.93,35.85,7.21,2.21,21.57,54.31,0.38
12-11-2022,191.55,329.58,36.39,32.41,9.35,1.56,20.96,44.45,0.36
13-11-2022,168.85,296.47,31.43,34.78,10.46,2.61,20.62,46.44,0.28
14-11-2022,172.46,270.15,27.85,38.83,9.55,1.67,22.15,47.21,0.24
15-11-2022,151.7,252.41,27.14,36.27,7.98,1.72,22.11,46.73,0.17
16-11-2022,126.41,211.47,27.08,43.33,6.01,1.28,20.66,44.63,0.34
17-11-2022,162.6,268.13,28.54,30.67,8.84,1.44,18.88,49.71,0.43
18-11-2022,201.83,323.63,26.63,29.44,9.31,1.4,18.84,44.65,0.25
19-11-2022,116.63,311.71,34.74,34.89,9.33,1.99,18.76,45.98,0.16
20-11-2022,238.87,325.83,23.38,34.72,8.49,1.47,18.89,47.7,0.21
21-11-2022,151.18,277.96,22.81,35.01,8.49,1.65,19.02,47.42,0.3
22-11-2022,136.42,303.17,28.38,34.2,7.82,1.59,18.9,43.35,0.35
23-11-2022,126.72,290.04,23.38,30.21,8.05,1.3,18.68,39.33,0.34
24-11-2022,126.41,269.2,23.15,34.22,9.43,1.39,18.73,42.5,0.26
25-11-2022,176.41,360.8,25.78,58.72,9.12,0.61,18.66,45.78,0.14
26-11-2022,189.66,370.1,31.59,73.84,10.65,0.66,18.41,47.46,0.24
27-11-2022,207.2,374.43,22.64,85.76,11.91,0.6,18.06,52.61,0.16
28-11-2022,209.92,410.11,22.25,91.77,15.55,0.95,17.82,55.06,0.15
29-11-2022,265.33,479.18,20.53,103.35,16.04,0.85,17.51,61.71,0.14
30-11-2022,209.82,401.6,22.67,94.41,11.82,0.72,17.57,61.41,0.22
01-12-2022,191.94,440.19,19.24,94.59,13.93,0.5,17.19,64.5,0.21
02-12-2022,182.97,424.3,18.89,97.42,12.9,0.54,17.63,61.96,0.15
03-12-2022,198.95,474.53,22.21,113.43,12.12,0.68,17.48,69.27,0.14
04-12-2022,265,503.71,26.87,97.35,10.19,1,17.86,67.07,0.24
05-12-2022,218.87,425.73,23.15,90.57,9.33,1.14,16.69,62.83,0.19
06-12-2022,218.49,378.36,25.46,76,7.39,0.84,16.76,60.83,0.51
07-12-2022,175.31,298.85,27.45,67.55,7.41,0.84,16.72,58.12,0.51
08-12-2022,156.1,308.48,22.65,72.93,10,1.04,16.95,58.67,0.29
09-12-2022,191.41,413.71,38.37,93.31,11.91,1.13,17.5,58.56,0.19
10-12-2022,258.76,517.01,16.33,105.81,13.1,3.14,18.08,62.33,0.18
11-12-2022,161.79,306.05,13.98,75.94,7.4,2.19,18.76,58.2,0.3
12-12-2022,117.73,239.35,32.33,75.23,6.47,2.35,18.24,50.28,0.36
13-12-2022,96.38,200.22,29.35,76.83,5.32,0.29,18.63,41.59,0.56
14-12-2022,107.41,206.86,27.58,76.36,6.66,0.94,16.65,47.91,0.56
15-12-2022,106.05,247.86,22.37,85.56,10.97,1.11,15.65,45.04,0.29
16-12-2022,164.25,312.8,28.19,97.83,14.4,1.23,15.18,53.7,0.33
17-12-2022,228.81,404.72,20,100.42,12.56,1.23,15.24,58.04,0.29
18-12-2022,289,558.39,21.68,105.24,11.46,0.69,15.34,67.14,0.19
19-12-2022,287.49,443.93,24.32,99.82,10.89,0.77,14.91,76.26,0.24
20-12-2022,230.81,392.87,18.33,95.86,11.07,1.39,13.47,74.08,0.23
21-12-2022,195.39,339.44,22.78,82.44,10.73,0.89,12.75,77.86,0.26
22-12-2022,228.8,378.23,29.88,79.88,9.97,0.51,12.02,79.94,0.27
23-12-2022,186.88,387.06,41.6,88.4,8.29,0.56,11.87,77.5,0.32
24-12-2022,151.48,282.16,15.5,84.77,7.84,0.92,12.01,70.29,0.39
25-12-2022,160.99,282.21,14.94,70.51,7.76,0.77,9.62,79.6,0.44
26-12-2022,156.6,300.36,16.18,76.67,7.4,0.7,9.18,87.03,0.39
27-12-2022,144.91,291.74,14.23,87.79,5.68,0.8,10.53,82.76,0.63
28-12-2022,171.27,344.65,19.28,40,4.06,1.41,13.57,61.97,0.72
29-12-2022,205.31,417.79,22.03,40.28,9,0.6,15.02,56.14,0.37
30-12-2022,243,404.25,17.95,35.04,8.73,1.01,15.18,65.73,0.62
31-12-2022,165.97,278.85,18.05,27.27,7.56,1.49,13.7,77.99,0.57
01-01-2023,144.69,306.62,13.6,28.86,6.23,1.44,13.48,73.12,0.3
02-01-2023,236.74,376.03,13.6,30.5,5.43,0.58,12.2,83.31,0.37
03-01-2023,231.05,388.49,14.18,27.46,7.85,0.56,10.81,78.02,0.27
04-01-2023,179.66,323.06,21.81,40.22,6.86,0.58,9.06,81.55,0.31
05-01-2023,191,357.83,26.06,58.45,8.25,0.7,8.51,85.34,0.33
06-01-2023,258.82,460.24,20.65,71.84,9.22,0.74,8.71,80.24,0.35
07-01-2023,254.15,416.42,11.75,67.18,13.97,0.67,8.3,80.73,0.37
08-01-2023,287.84,514.36,14.1,62.99,9.83,0.7,9.4,84.79,0.39
09-01-2023,343.08,644.52,18.89,46.61,11.16,0.71,10.22,86.98,0.27
10-01-2023,224.24,393.17,12.94,41.78,8.18,0.7,10.91,83.66,0.31
11-01-2023,176.35,332.04,15.48,45.65,7.48,0.86,11.39,81.84,0.73
12-01-2023,197.04,364.7,26.58,57.85,9.11,0.66,13.91,77.66,0.79
13-01-2023,201.81,340.12,32.78,67.67,9.74,0.72,14.75,81.83,0.64
14-01-2023,153.04,248.08,20.92,65.59,7.86,0.88,12.81,68.78,0.48
15-01-2023,126.3,290.76,19.27,88.56,8.69,0.67,10.93,45.25,0.56
16-01-2023,142.43,340.31,21.49,109.18,9.38,0.76,11.11,48.97,0.32
17-01-2023,148.9,368.35,25.58,113.66,10.17,0.75,11.3,45.18,0.37
18-01-2023,194.13,498.01,20.03,137.96,14.55,0.74,11.47,49.3,0.31
19-01-2023,273.47,545.41,15.57,121.65,11.89,0.81,14.31,46.19,0.25
20-01-2023,116.55,250.79,16.01,76.26,9.74,0.93,15.65,56.13,0.56
21-01-2023,213.14,439.1,15.98,72.54,10.73,0.87,14.89,68.32,0.3
22-01-2023,244.19,544.81,25.14,62.54,10.23,0.78,15.53,68.16,0.29
23-01-2023,195.21,428.54,18.64,96.69,10.2,0.8,16.84,58.52,0.44
24-01-2023,106.29,230.99,13.39,63.23,6.21,0.82,16.89,70.45,0.76
25-01-2023,131.86,219.45,9.36,90.54,8.92,0.77,15.64,82.32,0.29
26-01-2023,156.02,234.96,17.71,61.23,7.61,0.65,13.55,85.8,0.45
27-01-2023,121.42,240.21,19.55,75.02,7.6,0.67,13.25,53.73,0.54
28-01-2023,152.61,311.58,15.89,93,9.11,0.55,14.22,53.81,0.49
29-01-2023,205.37,309.88,17.25,116.3,9.29,0.65,12.99,82.56,0.49
30-01-2023,99.03,160.73,21.54,82.39,8.39,0.63,14.18,87.79,0.6
31-01-2023,107.59,198.8,11.95,70.11,7.49,0.64,14.4,87.29,0.61
01-02-2023,116.15,203.64,16.52,45.6,6.94,0.67,13.97,72.76,0.79
02-02-2023,105.73,213.99,17.05,28.09,8.81,0.83,15.95,56.95,0.65
03-02-2023,130.97,293.03,17.29,52.23,11.43,0.76,16.33,57.29,0.44
04-02-2023,182.26,315.98,15.15,125.51,10.92,0.95,16.97,58.78,0.44
05-02-2023,165.09,278.88,12.97,113.28,10.26,0.87,17.4,57.95,0.57
06-02-2023,166.23,267.07,14.86,129.56,10.07,0.96,19.21,61.55,0.31
07-02-2023,157.37,266.67,12.27,90.26,7.77,1.04,18.17,61.23,0.56
08-02-2023,101.73,213.65,11.66,95.27,10.16,0.99,16.95,49.59,0.51
09-02-2023,124.55,283.96,26.49,116.46,10.44,0.87,19.16,51.74,0.52
10-02-2023,128.48,262.14,11.5,93.4,10.66,1.05,20.7,54.56,0.7
11-02-2023,178.76,307.98,12.27,95.02,12.26,0.89,20.22,65.92,0.55
12-02-2023,126.91,212.76,19.73,63.76,11.55,0.94,16.88,41.59,0.58
13-02-2023,133.19,214.44,15.85,60.87,9.69,0.89,15.36,32.74,0.93
14-02-2023,132.23,206.98,16.44,86.87,11.56,0.92,17.38,34.44,0.53
15-02-2023,139.31,244.7,17.86,105.11,18.72,0.8,18.56,45.6,0.6
16-02-2023,221.7,397.32,24.48,95.06,25.4,0.87,19.34,62.87,0.17
17-02-2023,286.38,439.39,26.76,99.04,23.46,0.74,20.68,68.51,0.25
18-02-2023,278.2,422.21,22.03,94.72,20.77,0.91,20.7,65.69,0.17
19-02-2023,252.73,415.3,30.4,83.18,19.65,1.05,21.57,63.76,0.2
20-02-2023,213.07,271.22,34.04,68.01,14.36,0.89,23.85,55.41,0.46
21-02-2023,157,246.78,35.1,54.44,15.31,1.03,23.27,57.18,0.58
22-02-2023,117.27,323.85,30.29,61.5,18.19,0.88,21.15,70.1,0.28
23-02-2023,136.4,235.84,22.26,56.65,12.22,1.1,20.92,52.99,0.48
24-02-2023,139.87,237.61,22.14,63.33,12.93,0.83,21.27,48.36,0.39
25-02-2023,205.34,302.25,20.71,65.65,16.32,0.7,21.78,54.64,0.19
26-02-2023,225.32,322.82,21.17,73.08,15.33,0.78,22.82,53.28,0.24
27-02-2023,192.09,296.31,18.66,64.75,15.33,0.56,23.26,50.91,0.27
28-02-2023,149.86,259.92,17.54,61.61,14.82,0.72,22.6,49.48,0.34
01-03-2023,166.55,225.46,17.67,57.22,16,0.76,22.48,42.72,0.39
02-03-2023,169.4,273.83,21.37,55.67,14.9,0.75,23.34,47.91,0.2
03-03-2023,120.85,166.02,17.36,46.92,11.75,0.67,24.53,46.02,0.37
04-03-2023,114.18,211.67,17.11,47.26,16.56,0.79,21.89,49.27,0.55
05-03-2023,116.28,184.26,15.75,43.43,17.24,0.77,23.17,47.3,0.45
06-03-2023,109.04,206.91,22.98,48.94,15.38,0.79,22.87,50.06,0.36
07-03-2023,121.72,227.96,28.47,63.74,20.05,0.73,23.07,44.35,0.21
08-03-2023,140.81,205.52,36.42,54.35,23.88,0.8,23.2,45.29,0.26
09-03-2023,83.25,182.35,39.53,42.76,14.97,0.61,23.36,45.05,0.3
10-03-2023,148.67,292.73,36.73,51.09,19.93,0.65,23.31,55.29,0.34
11-03-2023,136.72,262.9,39.88,61.67,22.99,0.62,24.01,47.88,0.27
12-03-2023,153.44,283.37,40.75,70.87,18.51,0.58,25.08,40.68,0.22
13-03-2023,157.04,314.62,42.61,67.14,20,0.62,25.43,45.85,0.21
14-03-2023,184.89,297.9,40.4,56.39,20.26,0.66,25.18,49.94,0.31
15-03-2023,153.31,292.45,51.78,71.57,20.18,0.63,25.67,46.82,0.18
16-03-2023,156.28,265.16,44.03,62.47,24.49,0.64,26.17,37.57,0.44
17-03-2023,138.67,241.54,55.64,59.37,22.89,0.6,23.76,42.89,0.41
18-03-2023,90.4,151.67,42.6,58.74,17.51,0.52,20.06,72.32,0.78
19-03-2023,97.78,153.43,5.03,75.22,16.92,0.95,20.78,71.63,0.35
20-03-2023,63.07,139.35,5.23,71.34,12.86,0.63,19.78,68.6,0.75
21-03-2023,46.92,71.15,5.47,61.41,11.81,0.59,18.88,69.3,0.55
22-03-2023,76.56,170.38,10.87,78.96,16.76,0.52,20.71,71.7,0.37
23-03-2023,109.99,197.82,17.7,51.04,15.58,0.65,22.54,58.2,0.28
24-03-2023,193.86,310.3,11.95,16.79,17.72,0.62,21.74,64.03,0.75
25-03-2023,98.94,114.71,8.86,16.82,15.91,0.73,21.9,65.86,0.8
26-03-2023,121.25,212.25,11.25,16.48,13.33,0.57,23.45,46.38,0.54
27-03-2023,73.14,156.37,15.73,19.25,15.82,0.59,22.43,52.61,0.47
28-03-2023,121.47,257.34,13.45,19.91,20.61,0.52,23.51,46.97,0.35
29-03-2023,137.58,308.7,22.41,23.12,18.22,0.75,24.96,42.5,0.36
30-03-2023,129.44,217.25,24.18,25.05,11.87,1.25,25.03,46.03,0.55
31-03-2023,47.63,101.44,39.94,17.35,2.92,0.79,20.88,68.76,0.54
01-04-2023,66.8,141.59,36.29,18.94,6.46,0.61,20.08,74.88,0.43
02-04-2023,135.17,253.17,31.55,22.99,10.04,0.71,22.73,62.82,0.55
03-04-2023,71.17,251.6,34.76,21.39,11.02,1.48,24.01,55.37,0.57
04-04-2023,56.09,169.59,34.13,21.6,9.48,1.67,23.92,49.95,0.65
05-04-2023,89.22,190.94,36.9,20.15,11.07,1.45,24.71,39.71,0.4
06-04-2023,82.75,186.8,27.89,20.24,9.94,1.33,25.09,32.65,0.63
07-04-2023,84.33,175.09,32.95,19.69,19.4,0.62,25.74,28.5,0.47
08-04-2023,92.92,207.71,39.26,19.1,17.86,0.75,26.41,22.56,0.38
09-04-2023,131.73,333.92,37.39,19.2,22.8,0.69,26.87,24.89,0.26
10-04-2023,135.4,269.99,31.88,18.38,21.28,0.77,26.98,25.59,0.34
11-04-2023,138.88,333.31,28.7,19.32,18.52,0.69,28.1,28.91,0.35
12-04-2023,125.12,263.37,23.53,18.68,19.81,0.7,29.32,26.19,0.42
13-04-2023,137.85,342.97,23.9,18.93,21.86,0.72,30.03,24.78,0.31
14-04-2023,129.72,269.79,25.09,19.01,18.07,0.66,30.26,23.63,0.32
15-04-2023,94.96,219.63,31.42,19.23,17.28,0.56,31.6,21.62,0.21
16-04-2023,99.33,120.49,20.69,18.9,15.03,0.64,31.65,23.33,0.36
17-04-2023,92.79,132.16,24.95,20.21,15.29,0.63,31.88,25.26,0.25
18-04-2023,101.98,184.1,15.33,22.55,17.98,0.59,32.23,26.5,0.53
19-04-2023,132.49,307.87,21.82,34.2,9.45,0.69,30.18,30.92,0.99
20-04-2023,60.03,161.26,18.3,48.47,9.61,0.6,28.17,35.93,0.59
21-04-2023,47.93,164.51,18.51,48.14,8.16,0.89,28.23,31.15,0.79
22-04-2023,59.42,154.24,28.05,50.56,9.76,0.78,28.72,22.85,0.78
23-04-2023,54.68,135.18,29.73,50.95,9.8,0.57,25.89,23.93,1.1
24-04-2023,55.26,225.12,35.15,59.41,13.14,0.82,26.01,28.9,0.61
25-04-2023,56.82,196.12,31.04,55.97,9.35,0.6,26.74,31.01,0.72
26-04-2023,82.17,243.78,47.72,68.77,4.96,1.28,28.47,30.74,0.28
27-04-2023,86.78,244.62,29.17,23.45,11.61,0.6,29.35,28.84,0.53
28-04-2023,98.87,205.38,30.39,48.64,9.15,0.56,26.92,38.05,0.38
29-04-2023,85.53,224.14,19.05,62.28,8.48,0.32,26.71,38.1,0.53
30-04-2023,55.24,148.14,29.86,50.39,7.56,0.67,24.39,51.06,0.48
01-05-2023,29.87,71.84,27.13,43.65,7.5,0.65,20.81,83.7,0.9
02-05-2023,37.29,85.34,30.37,40.5,7.71,0.41,22.12,79.31,0.91
03-05-2023,35.39,101.67,19,47.72,7.32,0.55,22.2,79.53,0.66
04-05-2023,42.03,148.95,28.1,53.01,8.33,0.42,23.81,54.2,0.34
05-05-2023,46.49,192.31,24.72,61.24,7.46,0.45,26.64,55.88,0.28
06-05-2023,25.79,275.17,17.13,59.08,8.85,0.35,27.78,43.6,0.41
07-05-2023,30.75,207.5,13.36,54.45,8.02,0.4,28.45,42.68,0.61
08-05-2023,53.1,167.29,28.1,46.09,7.94,0.5,29.01,42.66,0.63
09-05-2023,53.11,286.2,25.96,37.19,9.62,0.64,29.42,33.49,0.45
10-05-2023,59.11,249.95,31.24,51.42,14.22,0.82,29.6,21.01,0.47
11-05-2023,58.61,320.14,57.53,67.78,13.95,1.48,30.27,26.1,0.18
12-05-2023,168.9,231.29,78.4,69.35,11.2,1.52,32.35,23.89,0.32
13-05-2023,204.03,210.92,57.18,61.66,11.46,1.9,33.3,24.49,0.46
14-05-2023,222.24,297.18,75.28,58.06,10.44,0.82,32.52,27.8,0.55
15-05-2023,153.54,234.19,69.49,44.29,9.61,0.48,32.75,25.19,0.82
16-05-2023,253.8,325.21,60.25,44.09,8.16,0.41,32.15,27.79,0.95
17-05-2023,268.46,359.82,49.72,52.13,22.04,0.56,32.24,29.58,0.47
18-05-2023,113.98,158.27,59.49,37.99,22.12,0.43,27,55.85,0.96
19-05-2023,110.44,207.71,81.13,40.26,65.42,0.81,30.65,37.36,0.52
20-05-2023,107.08,211.55,67.11,42.12,11.13,0.66,32.27,30.87,0.34
21-05-2023,159.76,278.1,61.49,54.3,5.72,0.71,34.26,26.73,0.25
22-05-2023,98.02,261.58,47.89,41.41,10.23,0.74,35.56,23.25,0.63
23-05-2023,111.68,206.97,41.32,34.04,7.76,0.73,35.5,22.99,1.03
24-05-2023,55.97,121.49,53.78,30.93,10.51,0.75,28.81,42.97,1.26
25-05-2023,51.03,101.75,77.36,31.02,9.1,0.77,27.57,48.9,0.82
26-05-2023,50.27,161.73,87.18,36.5,7.51,0.88,27.41,48.22,0.63
27-05-2023,55.31,156.85,58.46,36.98,8.05,1.01,26.16,57.64,0.71
28-05-2023,69.88,255.82,58.21,38.42,8.26,1.22,28.79,57.43,0.39
29-05-2023,48.7,203.95,38.34,41.45,7.98,0.99,26.13,66.68,0.71
30-05-2023,47.67,163.65,57.78,37.16,3.83,0.81,26.62,66.37,0.56
31-05-2023,34.25,103.75,28.52,34.02,37.37,0.67,23.92,80.56,0.65
01-06-2023,46.98,119.6,40.7,42.15,12.86,0.29,25.02,72.9,0.56
02-06-2023,48.06,133.15,53.92,39.89,10.32,0.38,27.42,53.93,0.38
03-06-2023,74.26,179.68,51.07,46.81,11.24,0.42,29.17,49.95,0.33
04-06-2023,79.51,241.49,61.1,47.51,12.96,0.45,29.11,56.29,0.37
05-06-2023,96.74,184.16,65.81,43.72,13.19,0.38,31.01,48.19,0.45
06-06-2023,82.22,186.28,83.06,39.91,12.55,0.32,31.24,42.68,0.56
07-06-2023,138.2,292.81,63.73,42.19,12.17,0.3,31.5,37.59,0.38
08-06-2023,150.76,237.84,68.81,45.08,13.3,0.64,32.66,33.91,0.33
09-06-2023,77.02,221.38,44.03,43.75,14.43,0.89,33.16,38.33,0.77
10-06-2023,118,170.48,39.76,44.9,13.39,0.57,33.37,38.62,0.56
11-06-2023,97.42,206.54,74.01,41.66,12.9,0.61,31.86,45.56,0.68
12-06-2023,75.17,216.72,66.51,43.77,12.97,0.81,33.89,43.15,0.44
13-06-2023,97.56,295.45,23.64,44.68,10.15,0.57,35.61,38.94,0.65
14-06-2023,77.44,258.07,27.91,38.56,7.82,0.87,34.03,39.36,1.14
15-06-2023,63.73,208.3,35.37,41.13,7.65,0.77,32.21,42.48,0.75
16-06-2023,51.62,120.4,31.71,39.46,8.03,0.95,31.18,53.21,0.68
17-06-2023,59.84,142.44,31.03,45.11,7.28,0.74,31.9,58.98,0.43
18-06-2023,45.04,97.52,19.46,31.68,7.18,0.8,30.98,62.85,0.67
19-06-2023,41.1,92.75,10.49,35.34,8.14,0.94,28.01,79.09,0.7
20-06-2023,51.16,147.52,18.38,31.19,7.5,0.84,30.96,65.02,0.67
21-06-2023,57.74,138.61,15.65,31.9,7.47,0.8,30.71,69.87,0.51
22-06-2023,62.5,166.65,12.92,21.4,7.38,0.64,31.57,70.92,0.36
23-06-2023,54.88,161.11,9.78,21.92,6.26,0.78,31.63,67.74,0.48
24-06-2023,43.85,163.17,12.13,28.78,5.68,0.75,31.39,71.6,0.68
25-06-2023,31.35,79.38,17.6,31.35,6.12,0.61,25.32,84.98,0.61
26-06-2023,37.06,106.15,17.67,29.71,6.17,0.78,27.99,80.9,0.36
27-06-2023,44.18,136.66,30.92,24.42,6.18,0.68,28.07,88.81,0.68
28-06-2023,41.66,162.77,38.09,27.94,6.92,0.66,29.05,82.7,0.67
29-06-2023,37.33,119.23,25.62,32.23,6.57,0.64,28.38,85.45,0.57
30-06-2023,19.96,59.58,23.54,27.53,6.16,0.72,28.29,83.97,0.74
01-07-2023,22.82,53.54,20.71,28.9,4.42,0.77,29.01,80.97,0.65
02-07-2023,28.7,96.32,21.77,25.7,5.67,0.81,29.88,75.85,0.46
03-07-2023,31.37,159.69,24.27,29.11,5.24,0.79,32.31,68.73,0.31
04-07-2023,55.16,148.93,17.49,28.02,5.09,0.9,30.6,77.6,0.6
05-07-2023,45.26,93.56,16.78,35.33,5.08,0.92,28.99,86.2,0.72
06-07-2023,45.87,78.5,14.04,31.17,5.29,1.03,27.48,89.88,0.91
07-07-2023,45.8,103.06,21.96,43.82,4.44,0.73,28.93,84.67,0.81
08-07-2023,36.26,81.22,15.87,66.15,5.48,0.8,26.38,89.86,0.67
09-07-2023,28.82,70.29,15.19,85.01,4.48,0.84,26.03,None,0.64
10-07-2023,29,81.13,15.34,32.31,4.82,1.11,26.4,93.29,0.49
11-07-2023,33.1,92.29,13.36,42.51,5.22,0.82,27.4,86.22,0.43
12-07-2023,41.49,96.22,9.32,37.49,4.79,1.08,27.96,93.85,0.47
13-07-2023,38.75,89.1,21.9,32.3,5.05,0.92,28.82,83.88,0.67
14-07-2023,29.34,64.97,20.87,29.56,6.06,1.12,28.82,89.46,0.45
15-07-2023,33.84,92.11,14.03,35.49,5.8,1.08,28.57,84.97,0.41
16-07-2023,28.12,50.55,15.75,32.58,5.73,1.14,28.26,84.54,0.39
17-07-2023,54.82,114.25,32.13,31.73,6.01,1.07,29.64,85.03,0.38
18-07-2023,33.2,75.48,15.14,31.23,6,1.17,28.31,94.42,0.72
19-07-2023,31.93,58.93,17.51,31.14,4.92,1.03,30.14,74.31,0.79
20-07-2023,50.4,109.85,16.07,32.15,6.43,1.2,32.28,70.92,0.39
21-07-2023,56.08,108.15,17.84,38.11,6.42,1.16,32.68,70.2,0.56
22-07-2023,40.3,78.43,14.94,23.44,6.14,1.14,31.25,76.49,1.11
23-07-2023,21.96,49.14,33.64,17.18,6.2,1.11,30.81,75.34,1.14
24-07-2023,28.91,65.3,13.98,22.77,7.46,0.83,32.59,65.14,1.1
25-07-2023,41.07,87.62,18.96,68.07,36.31,2.11,30.56,80.15,0.96
26-07-2023,23.89,60.13,20.79,39.16,5.33,1.62,26.97,85.69,0.86
27-07-2023,44.03,98.81,23.64,47.42,10.2,1.47,28.93,82.27,0.35
28-07-2023,43.67,84,15.41,52.19,8.77,1.33,27.89,87.38,0.47
29-07-2023,24.6,49.81,10.22,45.88,9.08,2.55,27.05,88.36,0.67
30-07-2023,46.33,89.48,13.06,77.14,8.98,2.48,28.92,80.41,0.4
31-07-2023,39.09,116.9,13.47,40.44,7.7,1.56,30.3,79.28,0.43
01-08-2023,42.47,82.82,15.01,34.54,8.59,2.31,30.7,75.4,0.79
02-08-2023,49.97,87.25,17.13,32.93,5.62,1.62,30.05,78.8,0.82
03-08-2023,23.01,91.6,19.87,32.81,6.75,1.37,29.68,84.05,0.58
04-08-2023,35.62,94.69,19.05,45.21,6.17,1.92,29.22,86.62,0.47
05-08-2023,17.35,78.4,18.38,52.68,7.42,1.57,28.73,86.9,0.3
06-08-2023,11.69,92.45,12.76,44.12,7.78,1.18,30.2,78.07,1.05
07-08-2023,12.83,100.68,16.41,37.04,7.15,1.25,29.59,75.06,1.26
08-08-2023,46.08,110.35,12.03,46.28,9.61,0.53,29.55,76.2,1.42
09-08-2023,108.51,136.08,13.97,61.22,8.23,1.95,29.62,75.7,1.06
10-08-2023,60.56,164.1,14.56,41.69,6.02,0.69,29.94,75.17,0.71
11-08-2023,56.21,160.4,14.83,25.36,8.05,0.77,30.79,70.43,0.68
12-08-2023,59.17,179.03,17.63,23,4.82,1.66,31.04,64.34,1.21
13-08-2023,27.9,127.94,19.41,21.21,5.56,1.37,29.81,71.63,1.01
14-08-2023,24.35,141.23,19.8,21.98,7.6,0.97,29.72,74,0.61
15-08-2023,27.43,117.71,12.96,26.78,9.31,1.27,28.8,85.27,0.42
16-08-2023,33.78,146.73,16.73,20.63,9.12,1.24,30.76,78.54,0.28
17-08-2023,48.7,190.24,15.7,32.19,10.93,0.83,31.23,70.2,0.52
18-08-2023,52.8,233.64,23.08,29.85,11.74,1.28,31.56,69.62,0.53
19-08-2023,36.4,126.15,23.44,34.62,13.17,0.87,29.49,83.78,0.38
20-08-2023,40.1,124.38,20.01,27.01,11.58,1.01,31.24,78.35,0.66
21-08-2023,55.49,125.94,30.57,32.48,10.75,1.19,31.88,78,0.52
22-08-2023,47.88,102.25,31.65,25.77,12.66,0.93,30.25,87.07,0.7
23-08-2023,37.71,62.46,14.87,26.86,14.74,0.94,26.78,91.32,0.7
24-08-2023,43.26,111.29,7.96,27.93,12.1,0.72,28.1,79.83,0.7
25-08-2023,41.48,146.83,10.16,31.35,11.47,0.71,29.44,73.62,0.85
26-08-2023,51.92,226.06,9.59,40.95,12.67,1.31,29.99,68.19,0.89
27-08-2023,48.67,274.98,12.11,32.56,11.62,1.62,30.22,64.16,0.89
28-08-2023,51.5,239.21,13.09,27,12.08,1.66,29.96,69.95,0.77
29-08-2023,55.55,229.86,22.44,25.92,10.84,1.58,30.59,68.15,0.58
30-08-2023,56.11,204.19,17.8,25.86,9.94,1.58,30.82,69.23,0.45
31-08-2023,67.86,209.13,9.4,28.49,9.66,1.13,30.86,69.29,0.36
